chroma_cens0,chroma_cens1,chroma_cens2,chroma_cens3,chroma_cens4,chroma_cens5,chroma_cens6,chroma_cens7,chroma_cens8,chroma_cens9,chroma_cens10,chroma_cens11,chroma_cens_max,chrom_stft0,chrom_stft1,chrom_stft2,chrom_stft3,chrom_stft4,chrom_stft5,chrom_stft6,chrom_stft7,chrom_stft8,chrom_stft9,chrom_stft10,chrom_stft11,chrom_cqt0,chrom_cqt1,chrom_cqt2,chrom_cqt3,chrom_cqt4,chrom_cqt5,chrom_cqt6,chrom_cqt7,chrom_cqt8,chrom_cqt9,chrom_cqt10,chrom_cqt11,spect_flatness_avg,zcr,Composer
0.2192647288736352,0.24656658042282228,0.27574769731473076,0.2618042505269073,0.21368639858253544,0.20220661054972394,0.27828140384294087,0.27871198884117276,0.1905638481959398,0.17237940139283262,0.1861388205368806,0.20666297553854135,0.6971407077838843,0.13326803,0.12993391,0.30632773,0.13019845,0.24716349,0.12691103,0.24130684,0.2758485,0.11337153,0.2544431,0.11897488,0.20810325,0.39472171830704805,0.39073104738030806,0.4744169185076959,0.41179056940386916,0.4073476976167037,0.35672258490939357,0.46696277866248975,0.4680855546983771,0.3347663562797214,0.33532381348757984,0.3374312560257943,0.3829041078351539,2.7204831e-05,0.04463411760440835,2
0.29530562607079486,0.20419159589194402,0.21866069409766115,0.22779094326995694,0.23314157076582978,0.20297361574978362,0.23837547842873896,0.2580335341254111,0.17181850266783197,0.14031306401562482,0.21914818502934683,0.29873796458398294,0.6946308220960896,0.1976329,0.21068986,0.23917411,0.15256535,0.27506456,0.14860503,0.2770497,0.2802282,0.112462886,0.1998091,0.14814208,0.34702116,0.45631865607445116,0.36485976955090127,0.38732419966398274,0.3805077916405032,0.4250965543368736,0.3409510978616277,0.412435785654535,0.4430728709655227,0.3030282996640284,0.2794955471034501,0.3547013158225428,0.4876507302670919,1.6749362e-05,0.0414568907700116,2
0.29512628153115306,0.3140494600339438,0.3078777337218428,0.213528911370575,0.11139139621829502,0.1476862857484434,0.23895638644870115,0.25349934885076747,0.2231945121308846,0.2162729760668766,0.23226777753699313,0.1895296191881436,0.7005783132748161,0.10772542,0.28933826,0.33046058,0.10105717,0.14828861,0.059499852,0.14816605,0.22103423,0.10812109,0.2761758,0.11131059,0.18958631,0.4605222982663929,0.4956555863303843,0.5133088361869041,0.34891776729194957,0.27349029240175465,0.27415382433894525,0.39814185601498187,0.41738661986341374,0.35312688247547,0.3890746101902818,0.37002920085001995,0.3566831317373106,3.208799e-05,0.046215083925464036,2
0.25019661149413197,0.25078128093682645,0.2618327953860301,0.2757045140770416,0.25153870531179834,0.2274310629314546,0.2692441738467571,0.26223394915733855,0.191479888931141,0.1726618916341848,0.16205878610307375,0.19800940090405028,0.7088318835855629,0.21122041,0.15516813,0.31423387,0.15083048,0.29507312,0.15714133,0.30654404,0.29867297,0.1251673,0.23607172,0.10936974,0.18900782,0.43334492720809964,0.391546896514214,0.45810338311527193,0.42035001619532686,0.4501862378484653,0.3813321439842181,0.45181654679749805,0.4531096763222496,0.331046171500164,0.34185239254071903,0.30999651744642565,0.3552407761948462,1.8247603e-05,0.042110575877320186,2
0.24992798122295087,0.2224046467596567,0.22525874858266778,0.22136098506195784,0.22331343248433866,0.2005988849701444,0.25003723741545897,0.26461210506147215,0.19624294412471535,0.1837461678959417,0.23696167908266771,0.25736173149687647,0.7001708791043336,0.1261959,0.22434513,0.23560278,0.12885362,0.24239106,0.11815358,0.23585701,0.24786942,0.11105405,0.24226503,0.14227948,0.3204328,0.3906764236382146,0.3665463941877794,0.3861988355578262,0.3470483742215929,0.3879850862315861,0.3290074522738126,0.4102359498460271,0.443085190716341,0.32749498209492184,0.3278604341392588,0.3636778844036109,0.4268172711329479,1.5356036e-05,0.0453138594837587,2
0.3249292694166524,0.29543079396519095,0.29165294924319624,0.2487329654388824,0.16586218001541383,0.12119394244741745,0.15432560798689351,0.19052896183073262,0.1830401059320844,0.20516147163242027,0.24650968729496586,0.2629805431160965,0.695779087586437,0.16388941,0.27324796,0.32481387,0.15408768,0.21206869,0.06533687,0.12856182,0.17357859,0.09479676,0.26224798,0.12752828,0.24136344,0.5031023952397553,0.4767615114371117,0.4973022749894983,0.39208150657567536,0.3324885844149526,0.2567467322467024,0.30302858135310246,0.33973080113595683,0.31909194125343726,0.38257577393640224,0.3929184220244584,0.459254760543841,2.420733e-05,0.044708889211136894,2
0.2950173534215898,0.13277416736857303,0.13219709093618753,0.23878768837545183,0.2819685209918591,0.20524894172188915,0.25603412098909145,0.2572972684031598,0.17706024911502904,0.19220033553777058,0.23804298631021656,0.31619450506163216,0.6980278785098939,0.19705075,0.12112405,0.13856149,0.25034603,0.35460767,0.14773427,0.31874195,0.27892378,0.12537882,0.22385974,0.17925976,0.3428368,0.4553133778350341,0.2636599786275321,0.27387214655318093,0.4006834856900076,0.46550118505567967,0.35249978361939427,0.42383847161445937,0.44051818773968177,0.31956794228005914,0.3615370466457455,0.3847776288136758,0.5106292441706513,1.55465e-05,0.04483407500725058,2
0.3276935044552788,0.22266347789606322,0.19348569297851909,0.21874316735601892,0.20907871474271666,0.18351399576084731,0.2066498383392088,0.22743030586894694,0.23416912586195826,0.2635491068042051,0.2484796092028045,0.3112415228135895,0.6544428644634162,0.36078802,0.13469473,0.21976964,0.12203102,0.20329385,0.12925056,0.1465028,0.18817964,0.13993903,0.33940065,0.15562062,0.33719006,0.5125152237437178,0.3598938791283685,0.3554569105063843,0.3561661998139256,0.39073182030888004,0.3292790239909898,0.36721238020379654,0.3926662132911136,0.3721256646959121,0.4482446531125622,0.38441090158633956,0.48520669804083066,1.1185575e-05,0.04216438877610209,2
0.3396271170598283,0.1626673420658384,0.1957390929523732,0.20528187605970757,0.17127856257660307,0.14307001906008965,0.2259480734162972,0.27529396471644735,0.2224449230367383,0.2047372997210384,0.29688740753192117,0.3557011218469542,0.6893766513723669,0.18719293,0.09649766,0.20033208,0.17631403,0.24085492,0.089754835,0.22071245,0.31648016,0.14006996,0.29025948,0.19382362,0.4087808,0.5211989148284699,0.30901864942181423,0.37153120369510384,0.37055685322470794,0.34400968463143805,0.2825863736752169,0.399202866941289,0.4811776569354459,0.37258081694605216,0.39362210879644194,0.45325280782039795,0.578965534770743,1.8656297e-05,0.03989178509280743,2
0.34193164111343216,0.16602730130282642,0.12057948894144178,0.24350806939369157,0.2868091232371393,0.20736582615300264,0.18263310235486863,0.18579047906549978,0.16070889371555339,0.19348793243364198,0.2518857187095889,0.33062481635664137,0.6968925537945564,0.25186992,0.1316804,0.15525188,0.24329948,0.34705815,0.14810844,0.25239238,0.21713604,0.13000906,0.2586886,0.18731116,0.37061375,0.506140804599682,0.29470376389746605,0.2641433458443962,0.3826013839330867,0.4614311784503832,0.3363753416543392,0.3375627448529185,0.34224312377987215,0.2974616172717782,0.35287831114300217,0.38486200002761034,0.5179842664415165,1.3134242e-05,0.041470485607598605,2
0.29401679712141754,0.2507268775741056,0.23834568729016864,0.18885956075651023,0.13431167185020665,0.1570916756290172,0.25735215399040795,0.2964947978952899,0.25874721794397615,0.24823151550260358,0.2172988482495767,0.2634767447623676,0.6819927129403154,0.35715103,0.1637535,0.26346675,0.11755973,0.16836141,0.122749664,0.21217147,0.29174438,0.16739328,0.33210382,0.15179378,0.30445072,0.4687288105022367,0.3860453241747454,0.4119390101962329,0.316912619390589,0.27527712736120363,0.28627808209457584,0.4165633782452402,0.47423006349883556,0.388525196928072,0.4201238287502069,0.34741283850069055,0.4194936338969081,1.0474881e-05,0.04006851798143851,2
0.433405062684461,0.26630559697868433,0.28958256803090043,0.20668015386533545,0.0920334493327593,0.09266390849941199,0.2620678961019032,0.32789333666795334,0.23387881403255883,0.08594759700688812,0.2824383161161033,0.359212636150175,0.6757119265374392,0.45259857,0.36815283,0.51032877,0.36565897,0.2910448,0.28032893,0.3893755,0.6396969,0.40186802,0.30841845,0.42535347,0.6476912,0.7586176678985032,0.4628824440967442,0.4997881642058981,0.38614726033968,0.2663343042378952,0.2685545443744941,0.46036924360541936,0.6188061151429874,0.42340062498948794,0.27036657824266275,0.48253610501322525,0.594811390312364,0.038188986,0.056694947060682684,2
0.14784348043757664,0.23297033225401345,0.26167367835162436,0.20991829030387738,0.14988894347183523,0.15734866691622953,0.32494685014571595,0.33443492892053067,0.24910020818447287,0.1742800540848425,0.14618651037915426,0.15636222962710103,0.7022246808761543,0.12930506,0.1175341,0.24928287,0.09924207,0.12160902,0.09930987,0.27385965,0.39803022,0.14064437,0.22437014,0.076454036,0.09721286,0.2810997632294385,0.34651571391713565,0.41361835617139725,0.31975976226969366,0.27073456802215207,0.2677758210097916,0.4540593292849353,0.5062301039798814,0.3651610840057224,0.32075349121763247,0.2381598366311626,0.25741940342816266,0.09310203,0.04192477976363109,6
0.1681640127231119,0.17365335596587275,0.19212915643533063,0.21805074512348321,0.21614290969768823,0.18250399094196598,0.281919610766181,0.29682625049550726,0.26729281048996756,0.21933860379394435,0.2402677216650857,0.2217376746929199,0.6979434416163055,0.10099934,0.16338342,0.21228057,0.10891888,0.21775588,0.09195935,0.18885909,0.36611223,0.13923271,0.24319126,0.11959288,0.2620867,0.2780970380868374,0.30525942318731386,0.34369288850726526,0.34251383313759143,0.37858513989981246,0.29410022051082907,0.40969664972481873,0.4824018542064395,0.39375374969222837,0.37138162683319614,0.3428468648394268,0.3639300659929124,0.00015315523,0.048479757286832945,6
0.19538846472048235,0.24464646631483133,0.2532116600496767,0.20669283070726074,0.15243327850889543,0.1711775228734026,0.30610013632308175,0.30871146851337394,0.2450083790135897,0.20556592866747822,0.19350951684105355,0.22145698575145145,0.6948788549010391,0.15929703,0.14781438,0.26533616,0.097486176,0.13156489,0.09345153,0.26122847,0.3218183,0.13595761,0.26091906,0.10483645,0.20529768,0.34403539018006873,0.37413232839677163,0.4302365612962722,0.3324166263122772,0.29217166055399935,0.29136733754203503,0.4513148054520813,0.48505099016466485,0.37730189191398267,0.3728848114687239,0.3106049782666039,0.36516724544580015,8.797453e-05,0.045153553690545245,6
0.15002909323362396,0.19388159647304648,0.21398900080152278,0.2226547856057778,0.2100323377921709,0.17702149644116982,0.27597437706911476,0.2636531773085613,0.296128343523039,0.26353372144365667,0.23727532794131836,0.187332209682013,0.6632888235324486,0.10109298,0.14255503,0.21303928,0.104560636,0.2128747,0.089980334,0.19195871,0.35259175,0.15467101,0.32437027,0.13084447,0.19266133,0.26200512832778783,0.3220560961772317,0.362533428851102,0.3484488600061595,0.37056119424517847,0.29240486474828975,0.40949953390122995,0.44062186214367666,0.42195066727866476,0.4465284331409837,0.34316190858645307,0.3168308010657676,0.00014085467,0.04689255999854988,6
0.25275352006340684,0.13836347014817385,0.11043985944827917,0.24362336580224542,0.28467684536769194,0.23024178650586571,0.29210779666299924,0.2948127618147047,0.23137648283651427,0.1997022666737706,0.2155066895525101,0.2954442783535079,0.6850953323152643,0.20429854,0.07793249,0.08507583,0.17584823,0.28591594,0.1242794,0.31061444,0.3215451,0.11562094,0.20090303,0.10250722,0.24599975,0.4098774263684956,0.24524017974224924,0.24230555420189503,0.40239880951272716,0.47153426385478725,0.36785342661619086,0.46817793484250153,0.468194822677516,0.35855773146302083,0.36463204781862074,0.3408225462635301,0.4696014869345998,6.5183274e-05,0.04862476888776102,6
0.3036113286668881,0.2841504553540341,0.25613015485696866,0.15568533832845904,0.0950921997647855,0.10908847207857143,0.34616263494648464,0.3941553963486933,0.283735221608489,0.15424410112097509,0.162948839472051,0.31212345460354085,0.6475232011175115,0.39633438,0.15368989,0.24059585,0.10245496,0.12020056,0.10069934,0.25485608,0.49260038,0.16401511,0.16047245,0.10895928,0.28797188,0.5209993894579212,0.4404445697907445,0.44752590003113735,0.3061169989296771,0.23951363205456289,0.2584188613141166,0.5351933968023775,0.6715615984125581,0.42332488116073314,0.306437097803005,0.3061362862773734,0.5016219987143052,0.004552106,0.0520837528189433,6
0.1776722442512785,0.22048226689114167,0.2837170341392822,0.24323268233575937,0.17545379088388025,0.20502475894988706,0.3582038302855461,0.36335832668195944,0.2784669987589073,0.23524065990388174,0.20643893468906369,0.1083236008749978,0.7094801740458749,0.069699265,0.095035665,0.25113758,0.1285581,0.21155536,0.15824296,0.36093742,0.48152518,0.18435366,0.3023365,0.12735629,0.13570935,0.3591986199785901,0.4037926764339602,0.5339659162615574,0.44226638088378323,0.3772421751254801,0.39438496086772307,0.5860976368238056,0.5930174353017418,0.45437299466819514,0.43626232093265543,0.3930638587429437,0.29096328968618024,2.1699094e-05,0.037960185252320186,3
0.31731992124951247,0.25351487910482073,0.23381247965448135,0.20930731359401086,0.15871356157295474,0.1509010626125727,0.23062710185006743,0.23534951636754653,0.1845230957008113,0.14184943675710637,0.23035941968706064,0.32663132833082187,0.6732427449067678,0.3140619,0.16167328,0.2930561,0.11893334,0.13455498,0.106140494,0.23776996,0.2915655,0.11467904,0.21864253,0.1346012,0.24552496,0.5204240378920262,0.40688105830999577,0.42476727104760376,0.3484075493423051,0.31284080124281477,0.29146332164869365,0.3996544542475079,0.40910520528585537,0.3175521403007234,0.3034189158766652,0.37490309220336665,0.5287461860573668,8.961509e-06,0.04038063279437355,3
0.21233002552550304,0.17823632634850714,0.18823698845925502,0.26702390595984066,0.27314463553278523,0.21718213823606447,0.22238017762013365,0.2229999072391512,0.1846304303462773,0.16542988900234196,0.28221302140890053,0.2839946447524151,0.694158402670711,0.108818166,0.16336656,0.2241595,0.16637903,0.24812381,0.15070191,0.20143825,0.30139047,0.1099593,0.2150652,0.13524082,0.3398095,0.35895798565337295,0.3272182094002322,0.3708873902356315,0.4204801708705909,0.48363418503349925,0.3594252968337996,0.3857263952437109,0.40473911474686103,0.32215141172236733,0.3180148877287028,0.44834977322576286,0.49694276824414557,1.7576815e-05,0.03938481094112529,3
0.24424758047192416,0.30500642380543674,0.3234474791726605,0.26634005535729316,0.25618723005609995,0.2498655055040975,0.2678043026062808,0.21393166501407138,0.21016189402976593,0.20466009759518802,0.17791289277742436,0.1166209501307803,0.6753674249249617,0.10156371,0.22723179,0.36377722,0.13678516,0.290102,0.11196538,0.19961466,0.20259863,0.09520424,0.21701433,0.09099921,0.12469241,0.4462960700597598,0.531407504596582,0.5785009887635322,0.4667386769053257,0.4897376372822084,0.46245039522298764,0.48529582331382776,0.42303271551766997,0.3881216804698258,0.4153753603549751,0.34506294842601504,0.2866551046527204,2.0105423e-05,0.044480042778422275,3
0.25323355927592156,0.3125609685385359,0.33122313852714774,0.2608305758539312,0.14469067404421526,0.16767430339836562,0.2096801209946047,0.16423142336438637,0.21163428922829722,0.24265684733575113,0.22812662452859947,0.16516377234005047,0.7061358256707287,0.17807807,0.30131322,0.4480098,0.17064527,0.14277945,0.10766334,0.20994917,0.18438593,0.12331687,0.29306296,0.15430667,0.21657982,0.4112272735527245,0.500161061338355,0.5726121467780161,0.39990378489716294,0.2982166672587689,0.308446521764403,0.36765070025133145,0.3100815977724704,0.3398388209981425,0.42276864959507143,0.3616605802143593,0.3199143333066824,1.761905e-05,0.03772850656177494,3
0.20580582353133695,0.13169674204606954,0.1492637107509804,0.2318148528292449,0.2389574285077462,0.24538258647499184,0.36341546432561556,0.3519493864350796,0.22700724906008196,0.19249157007702508,0.21054479053342648,0.19327600971752157,0.7111477592358865,0.111208595,0.06434315,0.086265,0.18677501,0.20476064,0.13203338,0.3757057,0.41220582,0.1387872,0.1686077,0.10880184,0.21332657,0.3769588999635645,0.28657547936737665,0.32470375267854124,0.40822289418148316,0.4154070363943918,0.413552584770311,0.5809723208973988,0.5562315825202699,0.389765350799012,0.363708580324801,0.36485302437157335,0.37721308996164654,1.5180247e-05,0.04131244562064965,3
0.32868514550697514,0.138628806034541,0.13347548154891503,0.23499536154203643,0.26632172757439593,0.19090894037062833,0.23684615833308245,0.20604934051811155,0.16787664930071255,0.16348592051616184,0.2722931887029024,0.3612977520923992,0.6828440772163304,0.2581696,0.09821629,0.0966745,0.26622802,0.28607085,0.14467469,0.31845477,0.31668052,0.11852109,0.22052385,0.18845877,0.33847234,0.5064276940191469,0.2763205132581166,0.27665044277988654,0.4042546227753922,0.44135057701776925,0.33745161069595564,0.40451083954794825,0.3778719860837611,0.30971228084478836,0.3308042841615281,0.41706485033361124,0.5881614621948879,5.6159624e-06,0.03556069641821346,3
0.28421422540330016,0.22887854572857863,0.19734434587349373,0.24170721365317166,0.24758098914555735,0.20519495663859696,0.193167833134025,0.1659434311040757,0.21783453598088606,0.250041247749435,0.2328927053284306,0.2399364586375578,0.697774866704851,0.29803994,0.15369396,0.21259767,0.10903652,0.1459315,0.08095122,0.12235171,0.17777039,0.12142109,0.33059877,0.13603881,0.2697798,0.4702966474047611,0.3734826426401391,0.3687970922875471,0.37294093688423785,0.4226191393486657,0.3495724165066319,0.33211445135733403,0.3041479014127141,0.3353696820577757,0.41795654389760223,0.3597587340510696,0.4198635828082079,4.511068e-06,0.038605373586136894,3
0.36026635924549716,0.26339976565848655,0.20225692885066598,0.14530150787663987,0.11101659755205337,0.12985220389989965,0.25602684522234204,0.26895156193690223,0.25143705060206606,0.20114929722924202,0.19920557304945735,0.30134492708327654,0.6977842240741551,0.34700844,0.10328329,0.1477082,0.055203397,0.1222819,0.07991606,0.13852262,0.2808635,0.10596579,0.20240612,0.09662813,0.24983583,0.5494906530354859,0.3866024728185518,0.35776313682014305,0.2662166352864248,0.22679598843426377,0.24533407138029104,0.38282382433480777,0.44542293172052216,0.3644673666069249,0.3452343923931771,0.3074831202789368,0.4486203579415335,4.454788e-06,0.04616013812354988,3
0.24285073357242568,0.21879756965231278,0.26613195677040524,0.16167410854408223,0.10373932824613126,0.19294946295253868,0.3684010449470817,0.3783737982343421,0.24042010250930407,0.09272235151326873,0.1567255152309367,0.1930697368868462,0.71644963636664,0.26740193,0.22467911,0.28795835,0.1884851,0.17673297,0.22627732,0.5022065,0.5772362,0.24854879,0.21716258,0.22099066,0.34001726,0.42579032191177696,0.382300640253424,0.48574672530471896,0.3233869712646878,0.24622239557831332,0.3601388770969787,0.5855602503201336,0.6206658024324714,0.36625577998366665,0.21936100384187307,0.2846757207138104,0.34439308201024577,1.9025092e-05,0.025139686956206497,3
0.35470106458662903,0.3821266524385878,0.3104464908127109,0.28593215893631657,0.3407395223139699,0.29205023036474687,0.17552516255445447,0.163345835349237,0.09925152577166221,0.22396608505126858,0.22057734647058544,0.04235874942622544,0.566090812131693,0.8027029,0.78327334,0.7253963,0.6700073,0.6476244,0.6437784,0.5850216,0.60645473,0.5807969,0.55324966,0.62834066,0.73145956,0.6221134450417947,0.7121917414771466,0.5755684490105827,0.5057516256699094,0.6135156883505087,0.5416099606692419,0.37189260733034557,0.34480540342967264,0.2784370838973977,0.43960779435824404,0.43877118030645457,0.20724391000030884,0.15701395,0.027554598721590908,3
0.3016822779562735,0.29242531623005535,0.29250454515846286,0.20056053565297532,0.0964371454122441,0.15867004368511542,0.31146002976790915,0.32575896159811807,0.2415358424588739,0.1904899704916566,0.19934160601996992,0.21544806174396117,0.6982917984403537,0.18525216,0.21365395,0.42992792,0.19484657,0.17639546,0.16464067,0.34272823,0.42032972,0.2104513,0.24053603,0.18527277,0.28046522,0.4895175272424908,0.48502490762488026,0.5290655922261086,0.35836918935136786,0.2634550544731473,0.31763843873378833,0.5110914839996339,0.5388872271443594,0.40334487677026604,0.3587012676003975,0.354518275545923,0.3920570171138474,2.834289e-05,0.03305698049593968,5
0.373728824335326,0.2537081564542636,0.18522655683758676,0.1753199329693903,0.16236760465923894,0.1725226707642471,0.2355142888427294,0.24877521127905403,0.1869672132232831,0.16454471747532556,0.24280122716648736,0.35057443499739177,0.7055930539258575,0.27586704,0.17295651,0.21907347,0.110337086,0.16465011,0.116748095,0.2801257,0.2726205,0.1202254,0.17366056,0.15630828,0.46260497,0.5812783997046451,0.4216257701822634,0.37012792895213686,0.3227105690679314,0.33763785870297314,0.3135222340686811,0.4208335742675566,0.4400123380479748,0.3395069166807527,0.33501112744457645,0.3926936969775841,0.5595274362581372,1.2214823e-05,0.03814711426914153,5
0.31825658114326333,0.2749557165360826,0.23224419709435634,0.22225687492506574,0.19559545025658706,0.1921480766939275,0.2828082129762552,0.2752645553483521,0.24836736787138378,0.21257969119134248,0.23373694014114413,0.21691545918623722,0.6607840980591835,0.11034143,0.1757781,0.24124548,0.12612501,0.21446706,0.09429671,0.21903218,0.3494041,0.13674633,0.19835806,0.12881635,0.2544296,0.5177522004914911,0.4814528046152978,0.4275469033832841,0.40892958603242885,0.40528755075089945,0.3648462301279771,0.4973879727824828,0.508786202457751,0.43746396634628165,0.42313477079906225,0.41767971026209927,0.4255897880358546,1.256779e-05,0.04575342589907193,5
0.3612507447752657,0.29981752682467716,0.2946057419878783,0.21654481604042938,0.15743716060301352,0.17023503088800188,0.2099879274861201,0.1858100284985752,0.22922174637045384,0.2576099288264183,0.24846743329438514,0.25460074628800433,0.6620213757578012,0.21689703,0.24735233,0.31485572,0.19169858,0.16891158,0.11139649,0.2276246,0.1802331,0.15864898,0.29609913,0.17495866,0.2910569,0.5918035172411157,0.5188022839590012,0.5170364569341415,0.39923521439022147,0.3355002829851098,0.34542842134990376,0.40843453465305257,0.3623422816066776,0.4112366436948932,0.4675030308629534,0.42721487012256304,0.46793767123970875,2.2443915e-05,0.04042368311339907,5
0.3331428016733668,0.14406786345725073,0.12236725643864901,0.19749891486994758,0.19199214180127983,0.1568614884922311,0.2582250701555134,0.2452511502876563,0.1954959695477371,0.2034442252826743,0.30867603680514843,0.36885571063526773,0.7100386302039463,0.24131913,0.082901135,0.10711677,0.22186106,0.18215886,0.099228814,0.3147575,0.30382156,0.13856989,0.22398873,0.20999846,0.46839207,0.49644979093028746,0.2810980367417683,0.28567431440438046,0.3626948230438299,0.35272783138275215,0.2975526715972019,0.42528844783586467,0.4061957575499086,0.3365052016639008,0.37238668368389755,0.44965028013942315,0.5959576467669715,1.0142762e-05,0.038547595526392114,5
0.3703479604115907,0.2555373510258546,0.1891204412260001,0.17769139788558902,0.14694088968074198,0.1413212175142835,0.17941600974867788,0.19406192372890504,0.23438004702358897,0.26890038367652164,0.2817243177856138,0.328850106184446,0.6862644895253328,0.38216865,0.1584777,0.25182703,0.1133607,0.13878395,0.101913214,0.16293511,0.20928109,0.17242368,0.33308333,0.2158219,0.48703662,0.5618131730029536,0.4085451265291764,0.38354665393412973,0.33729369780158563,0.332133898193938,0.29292018005858134,0.34965880340513805,0.37077788123077204,0.3851845408192604,0.4460909827550553,0.4250918214359838,0.5372944762275422,1.0535869e-05,0.03362739722302784,5
0.37243096915819063,0.3020962993270245,0.2443862122087999,0.15758826230780432,0.034561317194513476,0.09288841804940376,0.26678282714414886,0.34503898684822054,0.23849229672277855,0.15427534941550863,0.2173398947692047,0.30809165874180977,0.6960320745445184,0.29349008,0.16328989,0.3201706,0.09815248,0.03845711,0.08483928,0.30340862,0.422714,0.16032685,0.17280683,0.16020149,0.37873864,0.5882991133011692,0.46443447490456713,0.4629785453937999,0.303419746586035,0.16907311385198046,0.23449410893507866,0.45380599922265485,0.5476677142554354,0.3752309904645316,0.3059076359955211,0.3706948796054588,0.49645195041223517,2.250039e-05,0.03057309037848028,5
0.5230170394607639,0.3650383262786361,0.26280999193228066,0.19766054995496488,0.12215672498333074,0.12206626800895737,0.24787872071664155,0.3481631801881095,0.29133335773729235,0.19881085055397063,0.18932117120515726,0.1907797713599373,0.7028412235956476,0.73692393,0.6266705,0.63949966,0.6322573,0.624806,0.6150346,0.6415182,0.71420366,0.6650453,0.63239235,0.68182033,0.8559593,0.9215735629688688,0.611778828771022,0.4708835995978977,0.3878274575865332,0.29897143895858447,0.299851808070999,0.43985081738775456,0.5760528910869956,0.5083776070278085,0.39574110812637897,0.36918116879043156,0.38355942095840007,0.0071819546,0.008472982526102088,5
0.0,0.0,0.0,0.0,0.0,0.0,0.0,0.0,0.0,0.0,0.0,0.0,0.0,0.0,0.0,0.0,0.0,0.0,0.0,0.0,0.0,0.0,0.0,0.0,0.0,0.0,0.0,0.0,0.0,0.0,0.0,0.0,0.0,0.0,0.0,0.0,0.0,1.0000008,0.0,5
0.1458984696427592,0.2552119787313818,0.30165020899513734,0.2218478078731139,0.15227214500476705,0.16721832658257196,0.3437525253753695,0.35996654711646664,0.282775316257664,0.21502569681323713,0.16997185064196182,0.12217178813553228,0.6903381027832266,0.061178416,0.12916718,0.2713992,0.10585494,0.14252323,0.06924611,0.2258641,0.40168875,0.14386998,0.2188378,0.07975846,0.11450667,0.2941968861784174,0.3931065558155875,0.48080618369426276,0.3623682738329175,0.31770161547214054,0.3216259121021634,0.5098847559596101,0.5804118853551344,0.43345315740065843,0.38164701929888983,0.31934788702771294,0.28608630809419133,0.12225454,0.04060268180829466,1
0.23608806545847857,0.2601180527609021,0.31043459031562715,0.25845937619197307,0.22844222644433687,0.1847958608903796,0.2666020411754029,0.3102030316528027,0.2485798894021395,0.18321151664104046,0.20598783001375678,0.26797202328108566,0.6524094114354614,0.21900299,0.17673077,0.36038795,0.14172159,0.23186138,0.10618227,0.22285213,0.33139834,0.16502792,0.22447282,0.13203695,0.29464647,0.44049893279176466,0.448780397023963,0.5496972084389068,0.4370820546668055,0.44402134065218873,0.37069377032790723,0.4903337565596545,0.5698584569189081,0.44672244900941127,0.39031547412754425,0.39059800244467646,0.49568761771964887,0.0004542806,0.049043376595127613,1
0.23469162546733077,0.2424512757163805,0.21959643229044323,0.1747373528350096,0.21113587190432584,0.20358876146541602,0.3114000302912292,0.3601990685134433,0.25174805260426414,0.16430101134675834,0.2274456915427434,0.2545955534612399,0.6805590597000457,0.11664953,0.28832027,0.20502733,0.07544464,0.17375307,0.07208491,0.2142793,0.37395462,0.15972996,0.14649937,0.105900146,0.32200116,0.4012492075543836,0.4349010181341713,0.41336296668199013,0.35387129816275703,0.4181286353495016,0.36830919186157385,0.5193682846077219,0.603859628478756,0.43090607811260134,0.3504260430163731,0.4004720254982202,0.4644868615616618,0.000279038,0.0543940780887471,1
0.22455691119971993,0.27001943997644623,0.2824802136386478,0.2479328460782963,0.24298071612600933,0.2068626612323121,0.24155461522612787,0.2774026386925865,0.26460229214165804,0.2590985489281564,0.24660357516999445,0.2152612920654664,0.6993405549267111,0.12020927,0.32923028,0.36054868,0.12672101,0.2337513,0.08306785,0.14684421,0.2016235,0.11979874,0.23081756,0.11467823,0.22547367,0.42122423668026043,0.5218333182931797,0.5382434571017501,0.45468307508349043,0.49702569754542386,0.4055610183978313,0.45151604158132247,0.5164888439193077,0.48640089828144345,0.4851184369645601,0.4494035723689559,0.44349990338915873,0.0005604971,0.046225846505220415,1
0.20588406880673427,0.16461968726288204,0.2161500460429698,0.26413870603401735,0.270290191608212,0.21257398063293304,0.2554125010764553,0.2722345031626107,0.2623827031000867,0.24667653563225336,0.2592349807061922,0.2536085170572725,0.6776640027985537,0.11665066,0.06836791,0.16775124,0.20581292,0.29532766,0.0801005,0.1783778,0.27670676,0.13168916,0.313869,0.11873806,0.21657522,0.39219036960774495,0.3263435842336993,0.39545310062823263,0.4505047560832923,0.49581865770778116,0.39790445539251096,0.44451838168251245,0.48926138714880263,0.44024384206139155,0.4724355723862841,0.43334639047978196,0.46599543297693774,0.0001739105,0.050609615175464036,1
0.23770149871265991,0.1565897176913997,0.17172834037143325,0.25728897034968606,0.2710405964277261,0.22254341578082049,0.31799760083849354,0.3420589085398796,0.24143132522117222,0.18792318849417308,0.22689495517069458,0.27145970711717743,0.6979203232396286,0.12790658,0.15694343,0.19693305,0.25967142,0.28020677,0.109892525,0.35000974,0.3319052,0.12120912,0.13018213,0.10791859,0.25121397,0.4035145706223837,0.31906960474708435,0.3545205099884678,0.4466027308550438,0.47849018351750167,0.38992413988340735,0.5468091543485792,0.5636353914620932,0.4093010829096137,0.35887510077542184,0.3939938442805673,0.4985296777077813,0.00064495753,0.05290657627610209,1
0.33452103488588003,0.24188857724775192,0.1682137210058925,0.16234797350024022,0.1914560406326262,0.16461100382553268,0.19817349199516382,0.22475356184570885,0.27814055331466225,0.2983801999991266,0.3046453097107672,0.33710697447002763,0.7087278710470759,0.33964187,0.17881095,0.19813368,0.07433501,0.13044186,0.052623168,0.120005935,0.1432018,0.13891675,0.3389097,0.15671411,0.37035283,0.5469377028615519,0.4076460072149067,0.36511732070218134,0.32395127347342245,0.37242462936057397,0.327985724091956,0.3848767435277676,0.4108110207982612,0.4700239743827207,0.5412142376083403,0.4723508170899202,0.5670476612499051,0.0006385759,0.04715652642836427,1
0.27646519128590963,0.2524746190145106,0.28042839391001684,0.19558032607462783,0.1315492201817895,0.1344462426470286,0.3151273827755795,0.4003026007906975,0.32043208649457183,0.17286333667501608,0.18871880297422178,0.28164268021618466,0.6953460499213274,0.24034968,0.15231124,0.2989941,0.09705452,0.11622326,0.08341771,0.21798876,0.41684306,0.1423312,0.14966844,0.114448845,0.3513551,0.48052965236540224,0.44224982222005305,0.5152043824820471,0.3759729869277014,0.3219131876027776,0.3217218933601031,0.5407241265252236,0.7000797432418197,0.5274380311076088,0.3840472096848562,0.3722530324030803,0.5211050585758927,0.00018805168,0.04468169953596288,1
0.21723586948186396,0.26132949452107485,0.267492735483483,0.25779802149915526,0.22034191168880737,0.21175398017430652,0.29115899953693075,0.42667023166205714,0.44789923312090396,0.31046650316732316,0.1754902764490662,0.1456687328158219,0.5100468979251446,0.16526905,0.22163682,0.5404903,0.24505156,0.1633793,0.19653915,0.35932982,0.9333217,0.45921078,0.22687377,0.19168201,0.23397943,0.5069107873546385,0.5861695945240771,0.6101602707892384,0.5603089468358098,0.5270627342072844,0.5148649124126415,0.6161445542724132,0.8761589630840426,0.8968691383411249,0.6470439287053089,0.4489191699678406,0.40431553729152436,0.022626476,0.034701213430851065,1
0.13409673270564618,0.21155547366289543,0.26480711013123426,0.2044815299826306,0.13006661956180302,0.21280110911923894,0.38731482407984513,0.36259549760192744,0.26968891994740946,0.23136329263748928,0.19163090916156,0.10758918321675719,0.6887972906229459,0.09433886,0.116885856,0.2855976,0.11797526,0.1597049,0.13293701,0.3328745,0.49522737,0.18454024,0.29486698,0.1206518,0.109572075,0.28712735155805147,0.3644649700332834,0.4805088506699573,0.35999044337447494,0.2922616932821597,0.3718154652586889,0.5907057970973092,0.5744075125262114,0.4073381723462126,0.4122850145940358,0.3496574403603626,0.2649324845274085,0.013070773,0.0453722039950696,3
0.2581025887091918,0.2216494378699313,0.2674621541509532,0.2548475638448567,0.21108579757723295,0.18291595099358243,0.23378736944243358,0.2487305479552507,0.2036218480870818,0.1717662930360199,0.20601237313394008,0.27006625699213055,0.6757838542191711,0.18715711,0.116069146,0.26688287,0.13188641,0.19241585,0.13871197,0.23230653,0.29277244,0.111937754,0.23117742,0.11661293,0.24312161,0.4262411430463481,0.37249562886134835,0.45912764469740447,0.3988925015898747,0.3799521553552596,0.31840507256722866,0.39454678363984513,0.4238703677664638,0.3437864745404352,0.33150265028695425,0.34299191951962765,0.4459756319778248,5.471939e-06,0.04419681699535963,3
0.19625987800748293,0.22722484594847087,0.25363339763533355,0.26424421677072885,0.22623167868519528,0.19419572545915553,0.24433185490324763,0.2553555158430865,0.24347907797479396,0.22257939176987532,0.22459665796316447,0.16252037826040774,0.6829435801929793,0.0778566,0.19473004,0.2696587,0.108705044,0.21275453,0.091285296,0.18267383,0.28906456,0.11871283,0.28204903,0.117247984,0.19843091,0.33807148097785017,0.3972680081288127,0.44529141085176555,0.41323164925017647,0.4162096548760891,0.3406928402604665,0.42364932051288257,0.44998498513379953,0.3871745198177978,0.41232910351639934,0.378433381967683,0.3468097084771065,6.675607e-06,0.051195892546403714,3
0.23535036192658623,0.3427348149513409,0.3768645927004648,0.2835418703199178,0.1585825496701891,0.17204379815787674,0.22688129537776436,0.18544094599793637,0.17216478139542996,0.16825278280671907,0.17828127466371332,0.13459583963086597,0.6824290904308317,0.15251577,0.30526257,0.49705368,0.17868187,0.17498828,0.10651816,0.18239309,0.18703268,0.11162096,0.21312453,0.12538746,0.18682359,0.3936321273903129,0.5311280059319307,0.6274716144913752,0.43175826043866206,0.32485037865156896,0.31279744650738434,0.37277354762187054,0.33585996696540354,0.30224770586770144,0.33623817124054617,0.3051067039522105,0.2700550376670164,9.2897635e-06,0.03815787684889791,3
0.14829187527790053,0.25453949599028475,0.28542076744970235,0.20549960131140121,0.15753124258763274,0.2585451954734969,0.4014611749520645,0.3644625465259186,0.24128225416457666,0.17365681393196172,0.16136702747365025,0.09618256033043275,0.6846606146560251,0.099784724,0.120917246,0.26566902,0.11945005,0.15943119,0.15913078,0.3951845,0.5102521,0.17563576,0.27847928,0.12583251,0.12564681,0.31539719079421186,0.4248930810692991,0.5024477443255455,0.36193105911824347,0.3294217925636842,0.4395526039546787,0.6526809919755399,0.5819748181079275,0.38349406468509145,0.35729450035273136,0.3111979293102332,0.25407215808772327,1.5662536e-05,0.0391095154799884,3
0.278785551025292,0.2770670909470203,0.28690562106033235,0.2667260003996675,0.21947128559617168,0.19860750193092444,0.24317800588922955,0.2563919983344483,0.17341229097792046,0.14194733317509386,0.18364763553379684,0.25710029148617364,0.6638513602647617,0.22358282,0.1507027,0.2869317,0.16147657,0.20130129,0.14205168,0.23966491,0.2963254,0.12099203,0.2261447,0.12313905,0.25003943,0.4663003749973118,0.449131553457901,0.5069255321229628,0.4183366236533672,0.4026843552785536,0.35144467025883025,0.4218971099382464,0.43317628832749655,0.3236357819745914,0.30699489508455396,0.3304923802287431,0.4363131701088483,9.299153e-06,0.040196536035382834,3
0.23081297999845,0.27003987559196824,0.2827314709767265,0.2982101619551145,0.2597553887673875,0.22019062753274143,0.26537444921158615,0.2647789568076979,0.23322726599913426,0.20612852699738973,0.17792706311393808,0.14109049343716215,0.6910650916277759,0.07655368,0.20400603,0.2769344,0.115736835,0.19650783,0.1036135,0.20741345,0.3068568,0.11814344,0.26606387,0.10815893,0.16848677,0.43346204203101396,0.4715335160270215,0.5273353211550333,0.48697988214120164,0.48450895278113576,0.39943828869773246,0.47922380905953127,0.4891915444341057,0.4080123822901517,0.41632023192839035,0.3473732497677827,0.3122264537878745,9.099526e-06,0.04929488109048724,3
0.2235840479464744,0.35932194062881745,0.3907360505948688,0.26127463346029517,0.15552788749584381,0.1906718574229456,0.24365719831631255,0.20247036720340414,0.19644502781148546,0.18791176396211964,0.1604181389978098,0.10676463525056722,0.6958159898924104,0.13104081,0.28872058,0.46536747,0.16303967,0.1565436,0.10457647,0.20798321,0.20678392,0.10892788,0.2169618,0.10985436,0.16500641,0.38648928488773293,0.5797003663527295,0.6553108868085282,0.4221738948246713,0.32759910040427814,0.3468399250107602,0.4198473830017166,0.37543804888451227,0.34025080614984343,0.3666093640327767,0.3060475598634508,0.2560726919506503,9.787161e-06,0.03796301751015081,3
0.20937408510827524,0.10684466822227338,0.17255743731224468,0.1955767057496189,0.18420191474078046,0.1553847053914163,0.27417668388419614,0.2670440500858383,0.2613015250592918,0.2673145474465529,0.2879973351674512,0.24621632780558456,0.6989889449866878,0.12627195,0.054474708,0.11979128,0.17425367,0.16415082,0.08393833,0.229017,0.28393364,0.14083809,0.3204073,0.1507425,0.24454162,0.3236922051477697,0.21969915864707518,0.2895516059711163,0.3346848303758318,0.3117451671464325,0.27370766243931327,0.4183569650999898,0.4204852196025377,0.3773956848778924,0.4475341395824164,0.3961799143226036,0.3843880212614014,4.0216396e-06,0.047932565073955914,3
0.2593157842923718,0.10883160774539444,0.12425183231484214,0.24738160321362834,0.2659344821361587,0.23339822401726487,0.31842122099022646,0.3034243836481914,0.1990093460273499,0.18447308262270845,0.2518349880436446,0.3070130377940468,0.6583516234309736,0.13874184,0.07211671,0.09904785,0.24770994,0.29643515,0.13357277,0.38407573,0.371562,0.1226332,0.19257137,0.12708832,0.24144597,0.4289107992373588,0.24983252606714557,0.27308990203985617,0.4204781021519818,0.45116707970750086,0.38567410132411734,0.5249842277843588,0.49875198737900595,0.3554345368652191,0.3484164571191018,0.39628338370469307,0.5268775631918664,3.439397e-06,0.0476567031612529,3
0.29785175964380833,0.22972977088431737,0.2024575734771537,0.18989062820417021,0.18070521034204393,0.12124907211115253,0.14547562533719097,0.14431678691532188,0.2421415270645094,0.3047536870852895,0.2763569486503317,0.28184526288910794,0.6882910612805528,0.2890215,0.12024968,0.18254535,0.081153005,0.10793913,0.051001202,0.10675425,0.17834526,0.12498285,0.3832953,0.13461994,0.25324288,0.45448774571487577,0.3476104269187834,0.34621828979562375,0.2997516123832445,0.285167251885485,0.23420201691288625,0.27129542225079406,0.2762902642759579,0.34528832247801805,0.46027830272742265,0.382194967266103,0.43905669211426107,4.251592e-06,0.0415016404437355,3
0.3002459294239529,0.23803626109671047,0.2483029230739852,0.15779704105219616,0.09340515814630447,0.1256834371541252,0.28791991397166655,0.3473017713023411,0.26367009538203223,0.1598664151912421,0.17462335248682678,0.27858881387299456,0.6680609743625149,0.24467818,0.08411651,0.18978156,0.057843294,0.09118634,0.07406087,0.20904633,0.35231662,0.11023029,0.14994545,0.08841721,0.2515619,0.4367727158094803,0.3547289444462973,0.3989061121243406,0.267060410764626,0.19886911734784107,0.23121724076357628,0.4295397583327378,0.533491057904126,0.3665624930780379,0.29056308140113496,0.28045805377990224,0.4141655435302712,3.3659794e-06,0.044949631126740136,3
0.23162470842776003,0.14464275005192423,0.18017681978083339,0.18594295236847802,0.1641811870328328,0.13984581593651368,0.2651996294448638,0.2981843309059053,0.3049181037891165,0.2531180125297253,0.2659011381145485,0.24932803548830407,0.6980979974610364,0.1219957,0.03763995,0.09190609,0.1033499,0.09761412,0.05151394,0.20757161,0.39030913,0.1356919,0.2749468,0.12208513,0.22684056,0.36803589194202063,0.26996809199767724,0.31488371692480244,0.3194201269963906,0.292205531911924,0.26145006623843103,0.4229680458755125,0.5128538828182984,0.43923106638784243,0.42421672585885806,0.39347929568935114,0.4035478339101687,9.624108e-06,0.04356465704756381,3
0.23259942715698997,0.10424759466160502,0.12298390124449061,0.22113666755258615,0.23661017806442794,0.23120784769237482,0.34538298412593094,0.30742944933770183,0.2306799224886154,0.2130553515099719,0.24229758278674404,0.2609561149239079,0.6765309550956659,0.13724846,0.065569356,0.08494634,0.20699345,0.24831198,0.12601441,0.40084636,0.36007515,0.13642801,0.21166512,0.1319807,0.25303662,0.3828246833164671,0.24086511780091485,0.26080553978377913,0.3740389450368638,0.3968134584796239,0.3911203283293461,0.5524832218169894,0.5026768877864243,0.3811495375919575,0.3950292232795743,0.3869298024845927,0.450463395408257,4.1075195e-06,0.045736432352088165,3
0.2926983444211599,0.1840183577991429,0.17073807365312443,0.2593683189270483,0.2786895056464427,0.16671918283080434,0.13679010309415257,0.14207861469244523,0.20333367931932544,0.2363894280835828,0.2611184297899164,0.2931452230908485,0.6669246295569565,0.26510578,0.118714966,0.17944379,0.18271725,0.18959035,0.08553702,0.11176428,0.18317391,0.11610804,0.31970415,0.1447977,0.27192613,0.4558225235174204,0.305547229084387,0.3119047838592362,0.3840240385875797,0.42417422954930745,0.2781397828834002,0.25221022595664333,0.26799980903164805,0.31247542807354184,0.39927679538278105,0.3898078268212665,0.4767087215120458,3.3185495e-06,0.03858158262035963,3
0.3280906694644689,0.24131857235868942,0.21486754846823586,0.18017576149684322,0.12708936601530677,0.12589515596853826,0.23858260150650093,0.26569130128689306,0.2526329786729659,0.20012001809437843,0.20518732886547636,0.3070427038568226,0.6857874317099968,0.32959226,0.104621455,0.18717334,0.062152322,0.105703615,0.07008016,0.14669944,0.2892709,0.10615263,0.21029434,0.09813476,0.2557789,0.49374824336345313,0.3657730394694311,0.37174505950296605,0.2913130901124754,0.24521268319659753,0.23985988429103572,0.36839925244462574,0.4354792520332508,0.35587611554858856,0.34870739732103967,0.3198374731273849,0.45233697579552357,2.4741853e-06,0.04642523745649652,3
0.28654551600374273,0.2507930871817774,0.2967056197093408,0.21343236489478123,0.10859776616518226,0.1439067882612933,0.3258794512943699,0.3538132124348144,0.23319766675377213,0.10324962384288587,0.19765112578958186,0.22659699862981347,0.6971930910225813,0.276192,0.23627414,0.29134104,0.2156519,0.19817224,0.2325933,0.46832907,0.6694858,0.29444608,0.2512831,0.24464922,0.3618239,0.5121831561322815,0.4466669889360437,0.5244340545658482,0.3938743981810755,0.25695028945675114,0.3001289723001698,0.5208004144063407,0.5870669806766827,0.3658390886942454,0.2439922274320487,0.3580457301686349,0.39555018841294926,1.3933569e-05,0.0228428662755716,3
0.29238175586477205,0.30378346501408726,0.31126185274659707,0.2064559411356929,0.11179595123841019,0.13385590126186006,0.2729493478583556,0.30919511091910434,0.23984754685078327,0.19564891893162903,0.22007590793345538,0.2120431177540628,0.7126601508877808,0.19909926,0.21642163,0.4263374,0.2040219,0.19790103,0.15164134,0.27813947,0.4080568,0.22598915,0.29277384,0.19903481,0.28670448,0.4799163308247013,0.477844657612414,0.538343277289741,0.3604991764110299,0.27805233430066406,0.2990323996205975,0.45218284697601396,0.5047250492038962,0.391226529226119,0.3716705736016943,0.368650373598396,0.3979090650030878,0.04295964,0.03956890770011601,5
0.3507392469483673,0.22975309923923184,0.18089737509442447,0.1723776808333432,0.17007728862332291,0.18367090105779785,0.26546225648825106,0.27876998677316434,0.1922624167809521,0.15653181631756666,0.25841136005698057,0.3655554187054019,0.685085866087737,0.25354552,0.15612179,0.19072405,0.08932841,0.15246601,0.114374265,0.2674306,0.31730333,0.12089292,0.16427097,0.15059473,0.48119837,0.5554216756317699,0.4041500507014893,0.3674669378495248,0.3285778651276337,0.36213430878484776,0.33768798971930014,0.45779782097820076,0.48096277272925625,0.3542223168625333,0.3248620365275807,0.41581920910326775,0.6105435954995507,1.2751103e-05,0.04577325170388631,5
0.28011218428266016,0.29963858425537115,0.2759511176421748,0.2088231111490962,0.1697704896070269,0.1786484715805675,0.2739429621687904,0.2781636831563875,0.23545123974262924,0.19967054569215373,0.20131651066072878,0.19410645986554767,0.6713495753844282,0.11060188,0.28310472,0.31564003,0.11995615,0.18914151,0.08615443,0.22280261,0.34173265,0.12252039,0.17200486,0.10124803,0.2125911,0.4403807728817808,0.5025663015188637,0.4806994270304708,0.36035966856528456,0.34421256809531675,0.3234212141792984,0.45932816216626526,0.48194171373068123,0.3906993214496617,0.37357707529500456,0.35983031187458153,0.3816947869848942,1.6772477e-05,0.05448244453306265,5
0.28236427958300725,0.2958419418753139,0.3104971361496542,0.2110994286564701,0.09868253316177027,0.14548560624806717,0.29758573901254637,0.29871185552634905,0.23063835455746046,0.2017376861285951,0.21013340850950263,0.2018544757233277,0.7125285591172761,0.13030463,0.18369423,0.44994742,0.17240132,0.14124951,0.10869857,0.26639134,0.3713493,0.18297353,0.25367594,0.15154985,0.21958591,0.4553447235860942,0.4889456626315307,0.5594075507815673,0.3697643793360153,0.262014808863539,0.3058539875992388,0.4867905959678196,0.5107728346729588,0.39302394602041263,0.379939466925508,0.3639634731169247,0.3777256899659816,2.2935494e-05,0.038569687137471,5
0.3579795258674529,0.24088487869999511,0.20125635899094035,0.17439052038284242,0.17634603044727318,0.16715007878548954,0.24420510334680726,0.2581298840954033,0.17567877021942022,0.1510165752148208,0.26333362591001036,0.3780365668891816,0.6862614911873373,0.2659669,0.15389141,0.19123416,0.09275403,0.14937834,0.102371626,0.24871668,0.29966775,0.1245394,0.17508718,0.16397262,0.5131425,0.5470336680440943,0.398364519980014,0.3719265849220263,0.325122919153846,0.34305973630931064,0.30956103209793456,0.41632933755021273,0.44108371022901105,0.33001505736925235,0.31582017460477446,0.4224416159990083,0.6126744179219709,8.552893e-06,0.04149314367024362,5
0.24898058509652451,0.27644399207927733,0.2651895016681692,0.22394253750597862,0.20183190283805466,0.19255570300634392,0.27100727760701876,0.2811114624046896,0.2523120233371016,0.23752388521744358,0.22177399908133413,0.17350183378826406,0.651095890248831,0.108034045,0.25177735,0.316044,0.123162255,0.19655189,0.08970913,0.24104291,0.3419039,0.13348794,0.21812527,0.115907006,0.20255415,0.4191150159408759,0.4769519086021751,0.4715213369376927,0.38775215579190503,0.3853516630302526,0.3464075670933913,0.4779799370932615,0.4961965608665227,0.4226293490016536,0.43226905828861156,0.38438551043534236,0.3643255122495708,1.28506645e-05,0.049616625580046404,5
0.28668890998482344,0.1931379794961661,0.2092699995371063,0.23126473316547477,0.2064506732759164,0.16249205230541194,0.25605930628996876,0.2493531097565781,0.21807378255668305,0.22871147721259147,0.27237006139388764,0.316050680596981,0.6770657437014431,0.2148854,0.111715876,0.22627816,0.19532351,0.24125618,0.10938823,0.25621662,0.3042857,0.15157592,0.2530403,0.16363485,0.34461248,0.4753474247460011,0.35708176031432387,0.39904027785794505,0.4072374483202913,0.38159512355923897,0.318873421280481,0.4430643624772638,0.4370235669650951,0.3797071853525953,0.42690031979303833,0.4311998452380916,0.5362443899302505,3.0110517e-05,0.05177820475638051,5
0.38291759673319564,0.16533137732576128,0.10940718038574479,0.1830283501343538,0.17968369929625125,0.13185437407994735,0.18458136740520606,0.17094786399617348,0.18118502396370126,0.20386446192962324,0.33056362726254124,0.4291534272055263,0.6942751157065449,0.3415174,0.10708746,0.122940145,0.17690767,0.18805584,0.07893522,0.18908128,0.21408781,0.11695692,0.22713055,0.21268946,0.5440447,0.5584943473978177,0.28622486853245166,0.24941228369035923,0.3246172528520152,0.3398888597882501,0.25420861907318787,0.3124767307528633,0.31296673952806076,0.31080336648363766,0.3656268751308603,0.46565738537713525,0.6793998923109982,9.280953e-06,0.04209358233033643,5
0.35423210132268074,0.28506001384978924,0.2441527104295197,0.14696619488660687,0.09776456748310089,0.12150149777236241,0.2616391164366183,0.3065754458446079,0.23877056934964852,0.21197312885633415,0.24746933371452573,0.35527115321388353,0.6612091984777223,0.38599592,0.15084106,0.26539713,0.08566449,0.12617566,0.0929556,0.21610488,0.3333982,0.15670307,0.25275284,0.17606874,0.4511666,0.5617790318121224,0.44798138025249357,0.446946550683534,0.2980045279084947,0.24380236630515675,0.26920472742476337,0.451668897581955,0.5100679147131668,0.39463369456573716,0.39416298199659694,0.4104177304687399,0.5882960986587382,1.1700523e-05,0.047738838638341066,5
0.3372929915936299,0.20792189483275886,0.21248252169682041,0.2152074443227818,0.19154010244256667,0.15234565051988164,0.2440815592350827,0.26536865870157866,0.2421152142752104,0.2488447343693368,0.2776147428043899,0.3125334561387789,0.6553743305862714,0.22940736,0.09660277,0.16189057,0.19677955,0.20005621,0.106034,0.24921918,0.33207718,0.18452518,0.26865083,0.19175975,0.3721723,0.5612772248693095,0.38064942159657283,0.3906691263029099,0.39744361092822567,0.3709319282054879,0.315434618648945,0.4410826958162274,0.4781759123174713,0.4197187653561844,0.4521899635248951,0.45034079538101285,0.5370612182558254,1.8073559e-05,0.0425206868111949,5
0.44860867903481977,0.20409822758683605,0.11263849364780545,0.15593550049222465,0.1481237574623796,0.10915985724012398,0.15761111001800507,0.16412476907044843,0.1547405759050472,0.16977425996965478,0.2989766562398077,0.4409786076506964,0.6873532032905482,0.37463826,0.12548327,0.13481537,0.18696792,0.1513948,0.07221535,0.1948158,0.2015267,0.10914964,0.2018173,0.19912748,0.5125031,0.6275456808772044,0.32379827409338724,0.25055421949243883,0.2968855437601199,0.28777928262116625,0.22825071959520854,0.29019399915342037,0.2918240610602834,0.2740758347812055,0.31605374938807873,0.41897270172863954,0.6595983201681775,8.697551e-06,0.0364307660237819,5
0.37217914048339623,0.28181559992461125,0.2094607826582576,0.14498640100461152,0.10940381556858246,0.1215769571901047,0.22721709988055871,0.2506274678795555,0.23614163848616274,0.2407502363757819,0.2630015248401851,0.3482752372408044,0.6871104605572905,0.43911573,0.15558639,0.22530062,0.094341956,0.107867,0.083883844,0.15788297,0.22379592,0.14761426,0.26343647,0.20076498,0.50638056,0.573535166581166,0.43181003797107165,0.4049617681402037,0.2943950375982247,0.26063264100482175,0.26690527519095103,0.3983127274345118,0.4288960154707706,0.39237811089413827,0.425811522253372,0.42228931733885217,0.5760792943029246,9.3092995e-06,0.03814768072070766,5
0.3881486891222411,0.2497980918280539,0.21972711645046653,0.1389459000582676,0.05498183185879692,0.1134870049761252,0.3819061736628563,0.45860096391372407,0.3038792700392238,0.16234437253320227,0.19776306303068397,0.2615802973304578,0.646600748601247,0.37070882,0.2312046,0.33141068,0.24136403,0.21076708,0.26281443,0.524681,0.585786,0.35070908,0.27881852,0.36427018,0.69597,0.66265641751615,0.4448257409812239,0.4361313549683343,0.32582794351028804,0.2292539997065092,0.29018744602004043,0.6383790535215879,0.8291036166057907,0.5285993917353491,0.3498364388985688,0.3861933324788378,0.4746697358125793,4.9287086e-05,0.01671341547356828,5
0.27846511757642883,0.2617350235385604,0.27929102517710414,0.24228646652067662,0.18405698854902547,0.17464238775902452,0.25955497433954705,0.29090917653185333,0.20118354360629104,0.1614636770722874,0.19539300718802413,0.21695689175324323,0.6983715768576453,0.2036501,0.20328514,0.3658436,0.1840438,0.26438904,0.15498851,0.26292676,0.3512202,0.16181411,0.26355308,0.17760062,0.26609242,0.4676317639344544,0.4089269383081979,0.4839465305014749,0.39648582385774145,0.3601531541261395,0.33052542335994256,0.43990769235269955,0.5013637963389909,0.35776601569196587,0.3263778304318509,0.3446827534808086,0.38625509217430193,0.017233314,0.059327871229698376,2
0.28314545993947243,0.23061147916714123,0.2242663293593409,0.2465530573125915,0.2463003785470003,0.20916774391408555,0.22998362868267339,0.26408309744182323,0.18094934654392636,0.15789039304208527,0.1995365703343938,0.2801651125435803,0.6990715002325409,0.2127108,0.21255401,0.23640195,0.14662714,0.2587889,0.13724554,0.27482876,0.26205274,0.111237,0.2270802,0.14085588,0.3349401,0.4448683401453795,0.3843492586806013,0.4028668679029801,0.3888072897356068,0.4405968886132718,0.3465306016289443,0.4096684151784144,0.45328040787354557,0.3185754327520778,0.3025893700994837,0.3437340667201601,0.449856389027698,1.5075945e-05,0.04370683639066125,2
0.3006297958051776,0.31372519917401215,0.3269350457086312,0.22016001495322654,0.09836655266986466,0.10974262234257239,0.22444427724321564,0.2745064889528149,0.22138227484689404,0.21024676197739364,0.22998129495282352,0.17930854659710402,0.6935177027159753,0.10619397,0.2971723,0.35970667,0.096772045,0.117577866,0.052904453,0.15200147,0.22087708,0.10400653,0.2529135,0.09954624,0.16819863,0.4474219035860058,0.4834016879759707,0.5473430595248708,0.3702942593171773,0.25385024181184557,0.24809397098446398,0.37609576127426875,0.44691485068610226,0.3577555119553565,0.3710690982921468,0.3580945171536112,0.33897778324313976,2.8066084e-05,0.045872947179524365,2
0.2711388067592547,0.24984204710284208,0.2652943094918278,0.2805704087553583,0.25103517267875913,0.22931168526490806,0.260127919244613,0.2647685832660769,0.17121095694744465,0.16802700725690256,0.17275657767101815,0.21876558464673448,0.7049001776260402,0.23396209,0.16170645,0.30999812,0.16840142,0.3439108,0.1551117,0.27793342,0.26783496,0.11742171,0.231807,0.11957395,0.23003909,0.4562473464016906,0.4046450644307684,0.4781763686910697,0.43476444092033056,0.4605430499910799,0.37840235736671207,0.44527672319590045,0.47052734480333963,0.3270960955859033,0.33316365552854604,0.31860966757427034,0.3908808713717415,1.3671391e-05,0.041246170787412995,2
0.24988274485941903,0.24138973991288137,0.24678040264013973,0.24380299829800353,0.2447296153653094,0.2170168609608291,0.22620443099170376,0.23657019523366374,0.18125916218913912,0.18112607037288725,0.227838208324043,0.24063578035978733,0.7045978909503788,0.12664586,0.26714668,0.26191473,0.12901816,0.2563061,0.114606835,0.20540568,0.1993897,0.0949368,0.2212351,0.12706141,0.2817899,0.4146525589316246,0.40639211884012394,0.420165433302566,0.3815276165243115,0.4389771043121093,0.35524613786346126,0.39219294808090466,0.41146854007028105,0.3094848780386482,0.32429064855405343,0.3651503223882358,0.4272398641325278,1.7308315e-05,0.046807025812064966,2
0.3376979731486817,0.2683673050383807,0.25903831686220846,0.22856285818154606,0.15137470504193332,0.11596080306846766,0.17335917414456964,0.19571797754164064,0.1956831249368258,0.23384807543729677,0.2646621364260436,0.27208766799086515,0.6726232588463165,0.16426046,0.21689293,0.3131306,0.13449462,0.16416001,0.060083516,0.15357994,0.21731804,0.10382029,0.28430784,0.12616794,0.23387529,0.522038071470844,0.44521706709772135,0.4803291208654634,0.3821189901894485,0.31687790512590214,0.2570223696605996,0.338795066441464,0.37320482149276046,0.3490584476682549,0.42993405025892484,0.42076896793025004,0.4686027082952835,3.26241e-05,0.04442849568590487,2
0.3306352065117721,0.15713773688864557,0.12101421815657183,0.2600731261008736,0.30500786046451284,0.21149222478777963,0.20951434823214093,0.21994297577975372,0.17550867798644726,0.17181188775478828,0.22425823901525002,0.3112138624621905,0.684849989680758,0.2540992,0.12489379,0.14328702,0.2712951,0.36486715,0.14227587,0.28000176,0.25687477,0.11738639,0.20152198,0.16429272,0.34228227,0.5083443730603783,0.2912474787206273,0.26476551921413777,0.4097063903374372,0.4823251940002748,0.3358739197091548,0.36828837723188745,0.38988854695245906,0.3044513327244931,0.32630417396425454,0.36282075632810845,0.49969922947030354,1.503079e-05,0.043088271280452436,2
0.36010419956659173,0.2595697127962437,0.20665620939540527,0.18199696747038446,0.14387226850874651,0.15310902942058782,0.2243831599969901,0.25251703645305285,0.25177360906277685,0.2616618060686899,0.24783484415449825,0.3192958773284463,0.6628035785687002,0.40989116,0.13535364,0.19148318,0.08400496,0.14548254,0.10081264,0.16701359,0.23057453,0.13106,0.31813505,0.1406542,0.32436827,0.5680413029044586,0.40753241162335274,0.38970541873201164,0.32738848110598023,0.30655673599512484,0.29900606423169784,0.3990049905475874,0.44397101776629344,0.3971445802062329,0.46390361593717017,0.4029004085202006,0.5131167499351951,9.381766e-06,0.045051025957076565,2
0.30580998770271356,0.1375181726145937,0.15497507813185296,0.22326936786167487,0.2225266466745466,0.1795522218524516,0.2485326830727146,0.2903601431021678,0.21514123787895986,0.18953989574901206,0.2707780940730052,0.3353843943856674,0.6812779045417456,0.13687749,0.07645922,0.16063255,0.17420723,0.25753856,0.10564761,0.28700957,0.33336326,0.13505325,0.25119954,0.16732074,0.35708624,0.483629051997829,0.28032771833552794,0.3208872997849118,0.38427271803785273,0.41888726904467355,0.33028943078312495,0.43281820816772865,0.4950689039632968,0.3657096741880473,0.37873426480194683,0.42939912413011627,0.5437726233921678,1.7738168e-05,0.04491790983903712,2
0.3575492626370914,0.1846646779977142,0.13979151496056214,0.25959700070578456,0.29160582419850034,0.199071254789184,0.1673673491346563,0.18204952470444793,0.1591566575740237,0.1928012079121512,0.24649525758774127,0.3448826434662696,0.7014731037546936,0.27416357,0.12810227,0.1681413,0.24651855,0.29641792,0.120585114,0.22548118,0.20537268,0.11737866,0.25650775,0.1741792,0.35841098,0.5488979330652337,0.31116768013381507,0.2857116734403148,0.4035636500341532,0.4719188641907946,0.32685857463401624,0.32448324438606924,0.347701689198947,0.2910867642151884,0.3508410474789117,0.3873803934831873,0.5378088863955939,1.03849925e-05,0.04202617459396752,2
0.34755668820874464,0.27209473181272165,0.21995579967966505,0.1905268429817814,0.14079850551337275,0.14710780277642815,0.2247782848851028,0.26030057233240683,0.2357239797717199,0.23722171957822782,0.23751031161275282,0.3172385545181125,0.6738961146236655,0.39308283,0.14252618,0.22750996,0.091137186,0.14172207,0.091544606,0.1654633,0.23026992,0.12750173,0.29045734,0.14357874,0.33647868,0.5381572529749293,0.4043279633351299,0.4081821466271232,0.32212058085655726,0.28879305724138926,0.2852608239786881,0.3858798819500941,0.4295395541157129,0.3731683746091501,0.42086251163277955,0.3685252952861776,0.4892414393860293,9.809068e-06,0.04398892927059165,2
0.41386749142048523,0.20017528854331576,0.2508766279281618,0.16547567073718883,0.03847553442992651,0.08626970346999197,0.34584842194517357,0.4512558125903401,0.25992598068256506,0.021212293227675368,0.2686115219215289,0.3835511796371965,0.6408661704075194,0.18101637,0.15037614,0.34032276,0.13252287,0.066490486,0.12308972,0.4434187,0.8134822,0.23535928,0.083734766,0.23065835,0.499661,0.7146770984340312,0.346276282107517,0.4370327271200262,0.309337450140277,0.18643809186634808,0.23331487343568652,0.5421064579555114,0.7673122347742473,0.4356361591360366,0.17577374784763974,0.44699258835074446,0.6210161539654717,0.00014199289,0.02010679063688213,2
0.20294890023648018,0.22694190961597718,0.27774621974280306,0.23992981912419606,0.1783371260714728,0.2163588301063384,0.34368627830962944,0.3633293430976944,0.255914073123828,0.1426411572517772,0.1572106013209454,0.18793972277047932,0.6874937597295709,0.12475154,0.1299018,0.31921437,0.12249499,0.2207347,0.100944094,0.2204786,0.3963101,0.12352065,0.17223555,0.09299604,0.1584656,0.3878798782374962,0.3924538895308649,0.49314550121842843,0.4072369985992314,0.36464470527744647,0.3860562143989734,0.5594445309151387,0.6014499447654562,0.4250344032311944,0.32745467760748515,0.3163317883302664,0.3740772643087698,1.560529e-05,0.04633630456061485,7
0.2681836226984989,0.16257842950482607,0.17357396800235583,0.2230151672827517,0.2539428983943583,0.23453430109219453,0.3042168612304797,0.31033349113322123,0.22683870231848108,0.1671939588183092,0.24559667176506944,0.29920331913809295,0.6902241587010188,0.1542116,0.10119776,0.15884069,0.11436389,0.25471684,0.1309792,0.29675117,0.30614448,0.11797068,0.20505749,0.14311409,0.37550434,0.4400710880072725,0.3192578018519205,0.34956693032500524,0.3883097593447497,0.4597407392401808,0.4100052128840221,0.5014685221475129,0.5098843605778782,0.3879670688742685,0.3459697988511408,0.3964036751384358,0.5210391197152421,1.5036274e-05,0.044667538246809746,7
0.17574901809297125,0.2050767779166207,0.23401129145680272,0.26195853168504396,0.26853256021046096,0.27246318606792197,0.3197018683814678,0.32113780334333736,0.2642162247669529,0.2081396265693548,0.17325771911610643,0.13789509339882788,0.6593034588789811,0.07699622,0.17372052,0.3085077,0.13261493,0.29693243,0.09573619,0.19524938,0.309873,0.12020254,0.21406575,0.0956695,0.16080317,0.33832490673451454,0.3865945706176069,0.45321419333565016,0.44436548374250046,0.48144051643268976,0.44227105658835036,0.53257107568838,0.5285079024098099,0.4279988229101464,0.4058581582194765,0.32965502298712035,0.3036443473743564,1.6635717e-05,0.048540934055974476,7
0.2105194042004156,0.12934955275620388,0.16728109463205218,0.26429703591527715,0.29397190521730765,0.25169835846006827,0.2985525493414307,0.3154510808603606,0.23837044596305335,0.2081670721149728,0.21794775029089022,0.22336673282157998,0.6657569327702865,0.12845543,0.0891755,0.2063792,0.19487783,0.3194083,0.1268613,0.27551252,0.33817825,0.15296438,0.2227187,0.14246973,0.25125796,0.37192631583292807,0.2750197777678599,0.34652396579108524,0.43078580570301805,0.49805998891577274,0.4225460682928133,0.48369662604009517,0.5130575702165644,0.4067090232732293,0.39045122330610005,0.3667744817736338,0.40511970635926564,2.1101305e-05,0.04400875507540603,7
0.34075438211639564,0.1583842930234491,0.12885699332456674,0.23557725102851124,0.28449481087290923,0.22021975510534852,0.22634060604488093,0.22476986342884755,0.17467229583715455,0.17869401900095486,0.2803086372419365,0.37223766731986735,0.6945012242201302,0.20981465,0.0895764,0.14116299,0.18026105,0.32897305,0.11905835,0.24393997,0.25489852,0.11267809,0.24220999,0.1740291,0.3658745,0.5380771420165666,0.30049573743576913,0.2935460797479607,0.3986745562279136,0.47671413664194995,0.3770722474365632,0.3939331300479758,0.3942380167528384,0.3322309012972418,0.36046172796806547,0.4275443059361585,0.6110853526636937,1.2881404e-05,0.0440370776537123,7
0.30413292860729946,0.2190569070373953,0.21999400241266157,0.18943475761534348,0.15811004986998894,0.17892373906339115,0.29162503826999897,0.32587737820044615,0.27446806816016295,0.21497261373621213,0.2361546647057977,0.3187718946825098,0.666256172851977,0.27254346,0.11584685,0.20980923,0.09262262,0.18955469,0.099852845,0.20729178,0.34818134,0.13396032,0.22884701,0.14163192,0.38085207,0.4855605031297773,0.37903684609061494,0.4257707632259863,0.3523050155764995,0.3376429432626024,0.34357921680460457,0.48129429103297916,0.5538080386150911,0.4372638670354834,0.41167164612190216,0.4043435931933334,0.5368867107828195,9.000521e-06,0.04616013812354988,7
0.21976378812213815,0.23028235737864178,0.305466683882892,0.2670973036417646,0.14959970507506007,0.20071027604956937,0.3410225850604623,0.43553550324734275,0.3452386025196639,0.17092829008181198,0.10133794592790642,0.13112924393882708,0.6780684636673601,0.3828542,0.38052475,0.57614696,0.42065004,0.35393253,0.37851664,0.51814944,0.6878651,0.48863822,0.42659482,0.3945886,0.43726847,0.4350682679976239,0.4400724885825291,0.5790720917825477,0.49444584476822206,0.34808657850669034,0.40656690173314475,0.5933776539161841,0.7438734445013795,0.594165842027684,0.3523251393217447,0.2758808014614895,0.3071070178763994,0.0068755993,0.018664012652262182,7
0.0,0.0,0.0,0.0,0.0,0.0,0.0,0.0,0.0,0.0,0.0,0.0,0.0,0.0,0.0,0.0,0.0,0.0,0.0,0.0,0.0,0.0,0.0,0.0,0.0,0.0,0.0,0.0,0.0,0.0,0.0,0.0,0.0,0.0,0.0,0.0,0.0,1.0000007,0.0,7
0.18790079163425077,0.1953578111943094,0.2624084844747206,0.21601591784911783,0.17774488741557432,0.22151810930990545,0.3455092595258687,0.3450440463048133,0.24819983803756915,0.15808889113320762,0.18592857260633672,0.16773919017168895,0.7023967508236096,0.1802634,0.20353585,0.36996728,0.20221284,0.2656507,0.20029657,0.30912575,0.45584977,0.21291935,0.27336076,0.17992835,0.22475383,0.333954110618331,0.33778993888841125,0.4513784771563394,0.3705337419079618,0.3565419889358811,0.38558256877619906,0.5222747481892582,0.5438031017954387,0.3848912813617242,0.33231031108258985,0.3278246580665794,0.34353486150414153,0.02335718,0.042900775812064966,7
0.2965357325412993,0.17450926572729047,0.16250522652719956,0.20672876671748475,0.2483302018143255,0.23165247375078638,0.29835996885946103,0.2950846545479625,0.19482490938405292,0.16060885208991427,0.22860757063326664,0.327479302309022,0.6945612634032139,0.20411712,0.11428414,0.164273,0.11604534,0.25606662,0.1293905,0.28952372,0.34762228,0.13206716,0.21954544,0.14170584,0.36043477,0.47077342820191764,0.3291774479866389,0.3235932589941498,0.35723322651463,0.43730777954794886,0.3886652209097601,0.479555324126652,0.4800916101741637,0.35250738972776874,0.3205825502963998,0.3723813068830063,0.5361572230917814,1.4675758e-05,0.04416113054669374,7
0.15155654295278811,0.2034175584199696,0.2515096653376448,0.2533038232511649,0.25094662327525874,0.2520368808224738,0.3038486355034198,0.3000524673205846,0.2554787791503418,0.2199762982537083,0.19581677902720782,0.1467938037951999,0.6930400210434217,0.07948077,0.16989991,0.28258207,0.12785439,0.26999825,0.09709507,0.20766212,0.28764635,0.12183989,0.22344714,0.09970465,0.16186675,0.3009518492486483,0.37797086761937493,0.4404142593466262,0.4082954427976794,0.43883217053687495,0.3995035177799317,0.4956208553871665,0.4813041852801792,0.39796219476418837,0.40553983597136234,0.33497294529822785,0.302690421169836,1.8642017e-05,0.0458984375,7
0.17975895567343816,0.23765589429441059,0.28295000473042814,0.23312958498408637,0.14727095179146757,0.19717837102819466,0.3525275062229153,0.3592976719358581,0.24559172201575702,0.16025864601588075,0.1762493389809825,0.17822917576873767,0.6910708649389117,0.11459784,0.14784054,0.3621576,0.12628281,0.15967363,0.099676944,0.26686886,0.4134878,0.13362522,0.17799352,0.09324568,0.14758953,0.34991943246735896,0.3876836004541166,0.4987518084056748,0.394836159049692,0.312610384121713,0.3480457997808326,0.5514458402796604,0.5762683110010931,0.4103263869796009,0.3286277340016424,0.32740759872442915,0.3642102976105558,5.2262185e-05,0.04185284041473318,7
0.2770560093922317,0.17352992089851058,0.16582950759835394,0.2071103669833102,0.2380082599794189,0.22887795687221482,0.30586404602632555,0.30866569928535964,0.2085766829457371,0.15723646613919406,0.2338026837018258,0.3237143040990611,0.6883508288495166,0.19626991,0.12934345,0.16229069,0.10730651,0.21823339,0.12476355,0.30914107,0.35433543,0.13109861,0.2118908,0.14071798,0.37287173,0.4460151316837717,0.33047202725615504,0.334603872864307,0.3517903651902527,0.42297999017088406,0.3875229681518533,0.49209909316700556,0.49667862513146,0.35619701215340654,0.31896520629652453,0.37888635585343317,0.5315716392372961,1.5398853e-05,0.04524361948955916,7
0.14671952971048208,0.21384437018431834,0.2731274344837642,0.26208736681738776,0.22499143345568062,0.25839667676625583,0.3253369315987598,0.30540187410494024,0.2365576498281354,0.1984733926024474,0.15983611143856322,0.13785315246815294,0.7053557323575725,0.0798873,0.18841301,0.34359798,0.14352141,0.2682574,0.100535326,0.22683719,0.27898964,0.12204314,0.21778044,0.10010157,0.16663817,0.2970590399649179,0.3885286954631404,0.47201756887609064,0.42429439218906767,0.41097183890930683,0.398800328139527,0.5206453748891215,0.48416211313548024,0.38460063875300426,0.3800892723073977,0.3023558029460839,0.2901209485371772,2.8301884e-05,0.04461145954176334,7
0.27550778126212844,0.13435155630611148,0.11269504102784805,0.21686305063694056,0.248649167907118,0.20523850204732852,0.27428946124083164,0.29708624079045354,0.24280664815611072,0.24505504750380785,0.2540164777014793,0.28684712987510447,0.6895364897234576,0.14493345,0.062263444,0.11118956,0.16776596,0.3004454,0.102139845,0.26779845,0.32374597,0.14898154,0.2753923,0.14722157,0.29097137,0.44013954949649486,0.26394902821601574,0.26518423871464575,0.3623045785178937,0.4229605179051676,0.34635217187442724,0.44636180332015196,0.4722175027717357,0.38456066793679705,0.4289235548157474,0.3840175005732534,0.47930613952620177,3.928124e-05,0.04705513159802784,7
0.32626951510037505,0.15159270051679646,0.1278946697151862,0.22387718660335598,0.2556702259423811,0.19013248515414014,0.20721683436315919,0.2058290440043822,0.19023184945923852,0.19812763808378456,0.291889891951053,0.3819170279755076,0.6867135071812823,0.26277354,0.10373408,0.1646604,0.15586108,0.26873872,0.10447527,0.21305467,0.25293761,0.12275979,0.26362932,0.17985488,0.3952155,0.4843841830243475,0.27360370368224296,0.2673884749142364,0.35716401675910586,0.4298349017026013,0.31964717379923574,0.34640374580012123,0.3523407041228221,0.3109210675431837,0.35759290974824853,0.4123129611463216,0.5917348770073341,1.2608847e-05,0.04240003262761021,7
0.2953892764296818,0.24120577384995037,0.2346444128506937,0.1743557152683073,0.12003533888224313,0.1371742432512743,0.30101137020644725,0.3555688662146019,0.29024544922450674,0.1837759376107833,0.20862097452481718,0.32599543789034985,0.6643664779101577,0.26514694,0.12543882,0.22685426,0.105452746,0.1631965,0.10059282,0.24536198,0.4750709,0.18055537,0.22361743,0.14783119,0.36210507,0.47754798007901333,0.38744195499454215,0.4238604787645462,0.32036624697353866,0.2664354898036647,0.27675191335623606,0.49034172954815214,0.6022952898985459,0.4556992924488233,0.3631386523102931,0.3601380986175417,0.5282466786135837,3.9433515e-05,0.04151693463602088,7
0.28105619595012515,0.12989264721897012,0.0980281324882825,0.21129982757836444,0.25050310762485295,0.20605086843682455,0.2943267179608048,0.309768238788181,0.24078906370873282,0.227427521786104,0.2520823752304381,0.29494863778771074,0.6895201874374843,0.15194944,0.059505668,0.07669533,0.15558179,0.30136204,0.10614254,0.28959113,0.3411852,0.15304017,0.26120484,0.14535572,0.2747793,0.4476715956210223,0.260677266758472,0.24980798612064442,0.360364746000066,0.42665932291578973,0.3514692181893091,0.46755686660890866,0.49356317889558066,0.39383823864992334,0.4180274394121673,0.3934357507936257,0.49516281437108167,1.3637686e-05,0.0468279845200116,7
0.34921713240679425,0.161862833033891,0.14707733645470294,0.24086669660525495,0.257445651428475,0.19909941306874096,0.19700359277616544,0.20639131794155108,0.18523978314017034,0.20305098690128812,0.2787977753750001,0.3691596578775114,0.6809269591228482,0.2782048,0.10570333,0.1781177,0.17755863,0.25476298,0.10621973,0.2129187,0.26025677,0.12621987,0.26785007,0.184297,0.4246919,0.5081812665665282,0.285789848823862,0.2971938337735867,0.3757128260837104,0.4315628539481663,0.33541609742490486,0.34882189366086025,0.35008579296921055,0.31880541135272455,0.36834394241595675,0.41329236419067755,0.580481978057504,1.4594488e-05,0.041818286869199535,7
0.26751934812474,0.22091908406036093,0.24370427534143602,0.18508593464765705,0.09971167063606709,0.1257670877257536,0.3223207839845113,0.4371714282725328,0.33248423757314144,0.12785896544508799,0.14786187945578638,0.2793950915522656,0.697676321160671,0.22960775,0.12099541,0.23931399,0.08911249,0.12046381,0.10947883,0.3268661,0.59909606,0.18470572,0.15775798,0.12082022,0.31926525,0.4700122355757209,0.3611070105303932,0.426293878571471,0.33295756339325416,0.24385353743515958,0.26483820023089794,0.49701887653090887,0.7103310716402914,0.48627806773869603,0.2974926980360967,0.2992464089036608,0.46563911354288573,5.16043e-05,0.041280849108260326,7
0.13509961280433214,0.14885767331255412,0.16409551538109463,0.19063807617464237,0.21269476744225516,0.2822119318540053,0.3917900452646389,0.4220890481923913,0.31116465796543785,0.19477960726306295,0.17945517134693859,0.12330321664880488,0.6750691712858309,0.06016403,0.081443556,0.23024249,0.122435704,0.19959587,0.12419717,0.29462194,0.4172544,0.14781603,0.23639685,0.10944028,0.16089962,0.3151052581124391,0.3122375190578733,0.3579837031682316,0.3650134182061543,0.42290408038840605,0.4805579964623816,0.6160126761630393,0.6620501540479312,0.4968477127821197,0.3766414199115931,0.338904862040117,0.3030632588783263,0.00042461214,0.04340661706061485,4
0.2465376968895834,0.20520456408850576,0.20136056174486194,0.2599792814105685,0.28945830772325437,0.2699198026484817,0.21511656414034644,0.2253888191289333,0.18745479987877275,0.131381230060533,0.1822119670361313,0.23691910888048015,0.7140088879572055,0.21172561,0.122606896,0.27206174,0.13706397,0.28720915,0.12873569,0.15248694,0.08335572,0.07934928,0.21765934,0.137696,0.2168862,0.4294672797909756,0.3452320494991671,0.3680550370281252,0.40027757219648213,0.4905661565469229,0.4316133795141489,0.37955445768027457,0.36991723193508874,0.32156347822422543,0.3105086623517102,0.31956171679925366,0.3947037734147393,0.00018528556,0.04109436176769141,4
0.28448657720681036,0.20478548398740687,0.20094946822103962,0.16613294384703736,0.16253411996484823,0.21216596621656186,0.2770603612187418,0.3205201023229781,0.21640608771302403,0.08753540221331217,0.18331386514370607,0.2982865438656409,0.7028899363262668,0.23978978,0.17782873,0.22110587,0.106671594,0.1688761,0.090554856,0.20429529,0.20357968,0.08173414,0.098022185,0.12666732,0.39199507,0.4562422094174474,0.35905892608889134,0.3637920337335161,0.3044344378272051,0.3193495541475172,0.3477879863205804,0.45206656022665587,0.5136438252486162,0.3496379300549585,0.2287662525265745,0.3069271137755728,0.4700997776481656,0.00012513695,0.03876058131525522,4
0.18678809113716396,0.1454319814183539,0.13615119810413778,0.16242834748306237,0.21604573787765768,0.23226478251437402,0.2578367883003784,0.3355643318604115,0.27910290725085524,0.17598006984980033,0.2067411515985589,0.19943565986619904,0.7170964778160231,0.09396964,0.13005562,0.12125758,0.084901735,0.22678982,0.091678575,0.20931745,0.29155287,0.111753955,0.19498628,0.13359247,0.25583705,0.31899292067627255,0.29025730135370115,0.28546139021865896,0.29512785133986164,0.38909478185535357,0.357666060818658,0.41118631244465903,0.530663880095334,0.42893017419599505,0.33793977264027236,0.3326656407242508,0.35388467334716506,7.632369e-05,0.04607177167923434,4
0.20135332238551262,0.16454832770875355,0.1537787004253239,0.1810948331761159,0.1975328025935569,0.27905591092797055,0.3271741751888724,0.34365109485832424,0.2689334799360028,0.19097235232593962,0.21109370121663626,0.18882843241707525,0.6784423700088282,0.11417042,0.12483773,0.17226231,0.09349572,0.22804128,0.102521576,0.23735793,0.21770404,0.09973073,0.224898,0.12630348,0.2556589,0.3739943982993884,0.3315856369731686,0.3255568958086284,0.32905116911384047,0.40632185281623484,0.4516519637122343,0.536089015450076,0.5444103349887244,0.435342807433256,0.38342834028679157,0.3599826204464715,0.3605687002988906,0.00017500891,0.04173841719837587,4
0.23000250352320298,0.2932467220367457,0.30593255345374154,0.22420589921873607,0.15669971930665613,0.19301710331820834,0.20272107357309138,0.2212124841282592,0.2567894430333931,0.2538311590789898,0.21576996944840682,0.1500533424058989,0.7042201064139854,0.122112714,0.25725624,0.35711047,0.101092994,0.117476605,0.07661638,0.1925273,0.09484229,0.11355181,0.32872736,0.114160284,0.14901434,0.4005736805320277,0.47552236694441047,0.5261100113171636,0.3781312933827815,0.3339882679802983,0.35509661267159376,0.3898221079378777,0.38921446449524943,0.4331428798416321,0.48114603837628583,0.37972306158409325,0.3134631715632691,0.00036101317,0.04250199390951276,4
0.16543612305193237,0.023783923342338642,0.073159548682617,0.22854066706402662,0.29726085178732753,0.26485349926106877,0.3268281889206428,0.3715418966090586,0.27756460695032464,0.16691598970226906,0.21816223991187728,0.20766512028477932,0.6916284896178568,0.07402511,0.015435095,0.04619104,0.19017464,0.32790372,0.12602085,0.32142204,0.293685,0.11918116,0.19520575,0.13703361,0.2537144,0.293903093208949,0.15050197709284244,0.190794799890487,0.3748283998272205,0.48478915316318216,0.4146469773586042,0.5252951129134134,0.5676872359509434,0.4173615917046664,0.33312357521240843,0.35103782317939447,0.3988494755284004,7.783571e-05,0.04653626196345707,4
0.3567625173890086,0.12699170377835983,0.05836014389453964,0.18458405367180028,0.22157622273178174,0.1827358540313568,0.23047955628454647,0.2641263731491176,0.1863036367688466,0.1573866178124938,0.2713259833680179,0.3811247098828195,0.701623541365036,0.29998735,0.080552414,0.06499537,0.19838858,0.33743542,0.13908724,0.297881,0.20756455,0.0951514,0.17829555,0.18853371,0.40329105,0.5241791680933737,0.23974801441522067,0.18564349972636032,0.32550774728589005,0.38953207691972647,0.3179049538989891,0.3875364319682358,0.4020309472086237,0.31656267049588854,0.31710675704616736,0.39878865733970315,0.5991487551564706,4.9125327e-05,0.04016084958671694,4
0.32123933396455767,0.1855189254628149,0.10017852033776516,0.2085440119432239,0.2746789807316769,0.21725833318001,0.14484886711829809,0.19428184168990664,0.20406643026177837,0.1932350202548275,0.23052175482877452,0.3140926859765726,0.7091220106241601,0.324046,0.111119054,0.1524917,0.13350454,0.32613003,0.10921487,0.10113814,0.09376372,0.096038476,0.25316718,0.13881043,0.30807623,0.5068460595598094,0.31544369495772423,0.24912036149031663,0.3455558978401667,0.46633717353452203,0.35620398804014697,0.29609849335546756,0.346029605680311,0.3488221097639049,0.38061778763772713,0.3722552185875859,0.48296531587701375,0.0001314665,0.03907212967662413,4
0.31067209740671314,0.25796006283651207,0.20084337346968598,0.1830813880724379,0.17103731624327348,0.15774060255810562,0.23444874838069338,0.2910546417448137,0.2568234771643493,0.19027173429798647,0.16983131361023612,0.260327662430069,0.7018216027060424,0.42784438,0.14371443,0.19218634,0.100856766,0.22551382,0.13542362,0.17339541,0.23843683,0.12340439,0.21366471,0.10255602,0.26202282,0.5245977100084444,0.40955393226378733,0.35565908180115957,0.30764179946136216,0.3162709005890878,0.3025046158797369,0.3767448781305282,0.4606360064730939,0.3905498320354928,0.3628410217597529,0.3010722125264219,0.40607195620274444,4.230723e-05,0.04178486622679815,4
0.26376061259399164,0.20169398349751091,0.22341819410602262,0.13870214985951068,0.037589920881576123,0.11373624193164777,0.30553806965164204,0.3732467428576987,0.2692621938694681,0.13749137982072523,0.2053865818798914,0.2914900909998154,0.7051871287103183,0.25876206,0.12626034,0.28861174,0.09012186,0.04607493,0.06797983,0.28135845,0.3796954,0.15196066,0.16545841,0.13555175,0.32122082,0.41295189496372947,0.31615634881005705,0.3671624173708244,0.2576317506360576,0.1492717154977274,0.2321167510332637,0.45453390048465514,0.5569936766581153,0.39293179601708766,0.27352883350014157,0.31044731271040366,0.44242728308255097,0.00018225501,0.03401711590052204,4
0.24434569378305535,0.16690028950212257,0.2608011102957142,0.25650911646156566,0.1774742859374051,0.2210427125411903,0.38010330231435074,0.5060361640101116,0.4020634890789819,0.14838466311407636,0.2218196419812159,0.200326789592847,0.5409631469495471,0.18546768,0.13345116,0.40382698,0.18980616,0.09304451,0.12842622,0.35704452,0.99390256,0.46690884,0.13929255,0.17327708,0.35247254,0.47267610730803195,0.39891242964211193,0.5075808487167254,0.5130141809685483,0.3941310504854939,0.4369647648310992,0.6573831325992139,0.9954797331629567,0.6731996557601947,0.3623391179791456,0.4082971205755591,0.4038575119472387,0.004189772,0.05516019780585106,4
0.18644263380629933,0.24495950135077427,0.2808812680233678,0.23266017942548342,0.15913031227354738,0.16275750733169486,0.2956125914389348,0.3167160046301535,0.23590501820356768,0.17782325818453515,0.19119521755659574,0.22784351291856283,0.6982126709268086,0.16082296,0.15428141,0.31394833,0.13117258,0.14368077,0.097727634,0.23154517,0.36960664,0.14431265,0.23481043,0.11224281,0.20624934,0.33268550221821386,0.37672347972945136,0.4573246711473002,0.3521704726505021,0.30666931873795045,0.28664605926851316,0.44657166350075694,0.5021059728902592,0.360302905033919,0.329243518172454,0.30968736554890347,0.3738877416313845,0.0014302746,0.050129830698955914,6
0.16158609844478872,0.2282190534496828,0.2653560313663372,0.2631189896602045,0.23114436079817832,0.1933168534916677,0.25269543975070574,0.25287050447727766,0.2519077446502436,0.23785127820039795,0.22099283790425875,0.20152143872451925,0.6782191832229789,0.11326575,0.17523026,0.2930015,0.1259098,0.2331788,0.090807274,0.17483898,0.27939805,0.12591021,0.2746846,0.12141456,0.2210197,0.2779963469397966,0.3597163629473714,0.43610878620184756,0.38351520406484074,0.4026201035551699,0.3161287436099706,0.3871563760309115,0.4123666993424514,0.37719822709295264,0.41607417983512296,0.3431428545957952,0.33608965916831035,9.090298e-05,0.049095490139211134,6
0.25379882675637955,0.12957835478681368,0.12341758666717306,0.28046685224501283,0.3178295193412424,0.21648928397211772,0.26159128178279845,0.26330511364576564,0.20740457568843693,0.20580891783167335,0.22350675183902458,0.32124856925498885,0.6880664085644608,0.20269307,0.0780981,0.09000631,0.21280462,0.3499487,0.12673001,0.24122931,0.3101916,0.12637335,0.22445813,0.12552917,0.29565266,0.41878489936148483,0.24306188231133755,0.25857418832159224,0.44606989038325734,0.5224544933951556,0.350045811184862,0.4145272732543072,0.428993800942833,0.35415854832273463,0.36953793809012264,0.35831765857271286,0.5053738127009066,6.396451e-05,0.04977523201856149,6
0.2958167441443777,0.29454799067622106,0.26123568677355946,0.1584357941381446,0.0957135503922202,0.10334068343642074,0.31843298848963525,0.3781672145557074,0.26550893823856764,0.15672101475516328,0.1658965405722702,0.3139932854199481,0.6737049752989928,0.3831291,0.13740873,0.20791095,0.07330451,0.09333888,0.06310782,0.2202951,0.49005505,0.15261371,0.15579176,0.08488293,0.27011135,0.500232783239628,0.4292641958536093,0.43719709641647575,0.29079410706207864,0.22661777884139758,0.2357826095791867,0.49087327032937206,0.6280727510627088,0.40126544777981926,0.3117761669318849,0.30405100588243616,0.48381142212797124,0.0008790828,0.045514383338167055,6
0.32630671437358294,0.29212305074894557,0.28417639550232665,0.27991724795355033,0.28084841037023067,0.24391957434348635,0.2699885090663563,0.38792369473310145,0.30861780682544865,0.21452060196640627,0.20824955162943015,0.22118050451880023,0.6165176639737815,0.5911116,0.60617447,0.64140284,0.6263974,0.63227123,0.6433435,0.6850279,0.75899965,0.7010493,0.6402319,0.6164973,0.62144846,0.6857446971079594,0.6342760857985456,0.6502269283316513,0.6367133487313872,0.6434158831612339,0.591840931189061,0.5978779576625289,0.8223711692028519,0.6760817972114325,0.537059454661384,0.52451325908095,0.5124462630910691,0.03681394,0.08434784893497758,6
0.1738427009414485,0.23911492176111365,0.27961166092031176,0.21507667966243052,0.14871180156030817,0.1760293763401122,0.3352904949417386,0.36046510889880523,0.27074007268583633,0.1768865370726903,0.18219652683443635,0.16658522943876106,0.6707119091456356,0.12175411,0.17446761,0.3293862,0.1447715,0.18753812,0.08968084,0.25010517,0.4679797,0.17420247,0.21565108,0.12211992,0.17531592,0.32774890885254987,0.4074600450420102,0.4719831377381973,0.37064894659982855,0.32859244810995836,0.32713387994383025,0.5204577235748907,0.6098339184788669,0.41896834013666645,0.3503848320639363,0.3449217645573285,0.33931409895780346,0.00032737845,0.04946764881815545,1
0.25979408694028583,0.21338904901044956,0.23765286520044115,0.2162101665878028,0.2410078866689814,0.21464962664169993,0.31379259562282596,0.35371448948758744,0.2519444887883237,0.14480533912918944,0.20988030172468208,0.28032498312207205,0.6914200585551805,0.18840206,0.18836308,0.20590486,0.10150769,0.2593567,0.11120416,0.24039243,0.36915174,0.15733793,0.17286491,0.11620653,0.33762297,0.46136356882111734,0.4121715131731627,0.4391610213715845,0.40675219947825486,0.4786311051969376,0.4065481623444089,0.540859997271313,0.6174381688269504,0.4391562081911075,0.34636944818655063,0.39379659048831267,0.5126908572505792,7.520265e-05,0.051040118365719256,1
0.1927380890758145,0.2579277430347301,0.2525314259168335,0.20782396935113234,0.19820159695305933,0.20534369147372425,0.3059767547689397,0.3231172364847795,0.2729616749990699,0.23339919422896319,0.20875765952548858,0.17303769217030135,0.702188095381322,0.101895414,0.26498365,0.26341617,0.09518062,0.2099148,0.0775996,0.21448062,0.34894055,0.13565844,0.2383745,0.10099357,0.21579215,0.36242680834811836,0.4469014934070482,0.45276374850070733,0.3701797382919998,0.3955661397969284,0.36824099842370767,0.514953710546167,0.564401352931558,0.43766516965181634,0.42832036604048856,0.3763060123700829,0.36190159119821297,5.6603945e-05,0.05446035292198376,1
0.2184323900013005,0.30204295796531755,0.3260306765613541,0.2574935139833817,0.22313224295749526,0.19492130087386417,0.24533487777878837,0.28255105150072457,0.23456746082835467,0.18865866455548364,0.21461965803651775,0.20484503538266832,0.6885104957156144,0.0945429,0.33446476,0.35515928,0.12045538,0.19746204,0.061842803,0.13026251,0.27276984,0.10566287,0.15891019,0.08656957,0.17855243,0.3960916592539531,0.5327006876953468,0.574501322538427,0.4323842656025381,0.4303713719482361,0.36700306643535974,0.43751194663365744,0.5037484406454471,0.4054780205918463,0.3813946471785978,0.40392631004469154,0.41506514367831876,0.00025482147,0.047110077399941996,1
0.2446299596756961,0.294770627913163,0.3126030071441344,0.2446078790626145,0.19151314882448933,0.195519999259023,0.2762678747065967,0.29905019491447754,0.23929059854907245,0.15615801755155637,0.17535221881137794,0.1891940427619455,0.6976653961390686,0.13936776,0.17457354,0.37432975,0.14073138,0.24337861,0.095670894,0.1916841,0.3437856,0.13361861,0.1482582,0.08954248,0.18045075,0.4293440938465795,0.4728920467946378,0.5423415403664348,0.4085398704181305,0.3757660320669014,0.36128057758743104,0.4684065216901281,0.5415542529498801,0.40661178898727374,0.33581772699593726,0.33307904444205544,0.37528609222494214,0.00010223742,0.044201915059454755,1
0.31442798708725517,0.28505860519524345,0.2596263722207505,0.2163199244757216,0.21050323203411067,0.18997863823143735,0.25203156409791766,0.2811449681385394,0.22256543960106445,0.16302980721997762,0.21662530901388374,0.28263678485868404,0.6712382223052867,0.21964847,0.26351044,0.21097676,0.10023652,0.24731942,0.081367254,0.19079739,0.2472458,0.120206565,0.18318927,0.12844394,0.32484543,0.5279595925538134,0.4976897544830764,0.4719076588548214,0.3909009551788073,0.4255318597231537,0.3742177983270907,0.46493796141822274,0.49463218682842275,0.3928558956816805,0.3712376270925359,0.3962917357992958,0.505207321776019,5.3642634e-05,0.04866215469112529,1
0.2152780614710354,0.26865684556501734,0.2891773072306361,0.2384369121026989,0.25742654290842387,0.23202736696741932,0.26176532844736594,0.2662975648720227,0.23130726800466553,0.1924146096171287,0.2186347548311944,0.2054621642784555,0.6669938344905613,0.1127958,0.24406575,0.31918833,0.1252452,0.29814485,0.083189584,0.16607375,0.27119112,0.10736156,0.20474958,0.10095459,0.20570944,0.38735256785633304,0.4652504474296005,0.49405369839084534,0.40967058235384385,0.4708437587109558,0.3998180573812118,0.45310275059283384,0.48887277328125767,0.40092740978295954,0.39738398396861785,0.3865639753423601,0.4070935704712502,5.2101237e-05,0.05602715795388631,1
0.2861749849813312,0.3096261783794141,0.32091147292209893,0.24204284018262232,0.2011878560810738,0.16558963289500134,0.17287923081330037,0.21956354947529244,0.24961687934740734,0.24783523117722306,0.2557236786443035,0.23404668575580495,0.6812514503006997,0.17417713,0.29208797,0.30927575,0.13504219,0.23975334,0.07127265,0.12820028,0.23578681,0.13163805,0.2553044,0.11674147,0.18564439,0.4936899433061481,0.5348578535605809,0.578204135340329,0.43951660762567735,0.4125021490439199,0.34795058098357523,0.36776557272516724,0.43304323544205864,0.43988288088700883,0.4681860490191756,0.44621936950889585,0.4419130527315359,0.00012358661,0.045738698158352666,1
0.19730707064082742,0.13271487950179645,0.14639188355348398,0.24502392211488372,0.2966800745967209,0.24111261314259733,0.359200069886028,0.3692173359504514,0.2578447446032946,0.20691685918542643,0.21972142696666846,0.23725188276256406,0.6735590897115719,0.09942457,0.14691804,0.13407452,0.210035,0.3819686,0.119048275,0.3366708,0.3883987,0.11541112,0.1616865,0.091345154,0.21009208,0.35701739336248933,0.2867005733594094,0.30746965065306103,0.42855754159112597,0.5190899493374236,0.4116473540231696,0.5835212974413104,0.6055528430219214,0.42825676527089074,0.4082727251921714,0.383883256335282,0.4416362595179743,3.4644847e-05,0.05873536289153132,1
0.2718381267090435,0.20543089519323518,0.20786806708120648,0.24773938440906937,0.2632972718341235,0.20985019621111928,0.2157018292073518,0.23595602277991667,0.23309780197643454,0.22043478621244927,0.27643655133571476,0.3255286517525282,0.700434947080685,0.25318837,0.18810384,0.25686184,0.17048907,0.21906559,0.083005175,0.19766022,0.20958132,0.17736027,0.3192839,0.17396106,0.3742813,0.4842401278346444,0.3725048247034732,0.41275484752586533,0.4366589302068641,0.48565406256230936,0.3807378422745025,0.41944777223549984,0.4416240560581602,0.41352029354645836,0.434374164498024,0.4525886383143707,0.5693094423105375,8.263796e-05,0.04458483631815545,1
0.2777654672187331,0.2189766032666311,0.2509407645789615,0.18594512451030829,0.13880271148561793,0.1555448125524384,0.29221934675476896,0.3602893390754376,0.3005215628158597,0.21129588310204583,0.23173738465314866,0.3048788795722634,0.6936335722968354,0.27112377,0.1110172,0.2033571,0.078468494,0.16804674,0.085856676,0.20932159,0.38521022,0.1495835,0.225867,0.12797888,0.35061282,0.4772468501076542,0.3887490815622836,0.44226678383655466,0.3434170044330491,0.3379234626242864,0.33264953956548493,0.48670413954461555,0.6263498470966001,0.477909230166244,0.4206106326883865,0.4093144997025498,0.5330256351856743,3.0004456e-05,0.04992534168358469,1
0.1997388974669616,0.13431397272641749,0.18425471321319917,0.23372966263795877,0.2628273388392283,0.23623712654575174,0.3135322071470226,0.3157321995160343,0.24929168648635652,0.2136674201108181,0.23660663586194877,0.26130912055219097,0.6747799616113377,0.11528428,0.09119421,0.13577309,0.1818412,0.27911565,0.08786064,0.26611105,0.28724965,0.10491855,0.2015276,0.10192001,0.25941628,0.36365461365327323,0.2876694638368234,0.3492696518812057,0.4051348929911155,0.46179692649203036,0.3895311992798487,0.5241479458189199,0.5317761512389803,0.40486144241645666,0.40552873515964116,0.3937058974386794,0.46875367714853483,2.163949e-05,0.0556261102450696,1
0.3257162878110748,0.1738993857220706,0.1641462845349926,0.2581159151584629,0.2992167259933033,0.26680106950022614,0.27766248185014963,0.2657927910414511,0.17506201145487935,0.15759000544654336,0.25012280276238286,0.3421969356437091,0.7036682028723047,0.2067748,0.14142653,0.16897094,0.24635318,0.31455576,0.10571427,0.26540565,0.20350641,0.099562265,0.17047732,0.12908149,0.33160236,0.5357006608640447,0.3506847143982744,0.36283924500587805,0.4600821642432493,0.5219738080202476,0.43499410583759474,0.4871072834765511,0.45726846437024116,0.3469367930577745,0.3559859225980535,0.4307260058615547,0.592190995610786,3.8721337e-05,0.049816016531322505,1
0.2784329227970052,0.24081787920544795,0.22425363227970835,0.18695410582719615,0.19023171230847932,0.17690085008151515,0.26557981874305836,0.327593906711425,0.30634515750334845,0.26251523202860955,0.242354837667415,0.2769925134202367,0.6843150004954976,0.33355278,0.2078965,0.26167443,0.0968503,0.17196761,0.08853902,0.17278734,0.29571873,0.19135067,0.3493076,0.16431092,0.3666981,0.49292650771279867,0.4236388811591258,0.43834471488612775,0.365558248281223,0.40560206635935236,0.36953867523572087,0.476934922229806,0.5775655748440367,0.5017841588121768,0.5174224033087504,0.441131103222692,0.5176121116811261,2.5043364e-05,0.048501848897911835,1
0.24715161503239133,0.23664620715740975,0.31324730264203665,0.2134440438731067,0.11001964663903109,0.13806273444426492,0.33571799655400086,0.41432122848662356,0.29161570207134385,0.168871207986595,0.24400648350371082,0.3180422539937537,0.6392141490971348,0.20782994,0.16448002,0.37634096,0.13091573,0.06331304,0.092675574,0.33081278,0.6600651,0.2264265,0.1604277,0.17569976,0.44933352,0.469912897722514,0.4660473840198415,0.5860233923609933,0.4385060741981837,0.3270210148091044,0.3472641027926238,0.6046884990259175,0.7763637735311587,0.5214211256091019,0.39777760912697385,0.47096718668950605,0.5825105625755652,0.00048390176,0.03362286070190641,1
